SERIAL_NO,DEVICE_ID,PRODUCT_FAMILY,MODEL_NAME,PART_NUMBER,DEVICE_CAPACITY,COLOR,PURCHASE_SOURCE,ORDER_NUMBER,DATE_ADDED_TO_ORGANIZATION,DATE_REMOVED_FROM_ORGANIZATION,MDM_SERVER,DATE_ASSIGNED_TO_MDM_SERVER
C02D92H4ML7L,C02D92H4ML7L,Mac,"MacBook Pro 13""",MWP72LL/A,512GB,SILVER,Apple (1339106),1011749318,2021-12-16T09:57:32Z,,Addigy,2024-02-29T12:09:39Z
C02DN3B3MD6R,C02DN3B3MD6R,Mac,"MacBook Pro (16-inch, 2019)",Z0XZ,512GB,SPACE GRAY,Apple (1339106),1011880954,2021-12-16T09:57:39Z,,Addigy,2024-02-29T12:09:39Z
C02DR0PTQ6LW,C02DR0PTQ6LW,Mac,MacBook Air,Z127,256GB,SILVER,Apple (1339106),1012046816,2021-12-16T09:57:35Z,,Addigy,2024-02-29T12:09:39Z
C02DR0PWQ6LW,C02DR0PWQ6LW,Mac,MacBook Air,Z127,256GB,SILVER,Apple (1339106),1012046816,2021-12-16T09:57:34Z,,Addigy,2024-02-29T12:09:39Z
C02F50CVMD6R,C02F50CVMD6R,Mac,"MacBook Pro (16-inch, 2019)",Z0XZ,512GB,SPACE GRAY,Apple (1339106),1012487760,2021-12-16T09:57:40Z,,Addigy,2024-02-29T12:09:39Z
C07DF09PPJJ7,C07DF09PPJJ7,Mac,Mac mini,Z0ZR,256GB,SPACE GRAY,Apple (1339106),1011641014,2021-12-16T09:57:41Z,,Addigy,2024-02-29T12:09:39Z
FVFCQ4WCM6KG,FVFCQ4WCM6KG,Mac,MacBook Air,MVH22LL/A,512GB,SPACE GRAY,Manually Added|Apple Configurator,CE-2023-11-16-11-20-39-396,2023-11-16T13:20:39Z,,Addigy,2024-02-29T12:09:39Z
FVFDD5RUMNHX,FVFDD5RUMNHX,Mac,MacBook Air,Z0YJ,256GB,SPACE GRAY,Apple (1339106),1011570796,2021-12-16T09:57:41Z,,Addigy,2024-02-29T12:09:39Z
FVFFV1DEQ6LW,FVFFV1DEQ6LW,Mac,MacBook Air,Z127,256GB,SILVER,Apple (1339106),1014643288,2021-12-16T09:57:38Z,,Addigy,2024-02-29T12:09:39Z
FVFFV1DXQ6LW,FVFFV1DXQ6LW,Mac,MacBook Air,Z127,256GB,SILVER,Apple (1339106),1014643288,2021-12-16T09:57:35Z,,Addigy,2024-02-29T12:09:39Z
FVFFV2JMQ6LR,FVFFV2JMQ6LR,Mac,MacBook Air,Z124,256GB,SPACE GRAY,Apple (1339106),1014643288,2021-12-16T09:57:36Z,,Addigy,2024-02-29T12:09:39Z
FVFFV2XRQ6LR,FVFFV2XRQ6LR,Mac,MacBook Air,Z124,256GB,SPACE GRAY,Apple (1339106),1014643288,2021-12-16T09:57:40Z,,Addigy,2024-02-29T12:09:39Z
FVFFV2ZBQ6LR,FVFFV2ZBQ6LR,Mac,MacBook Air,Z124,256GB,SPACE GRAY,Apple (1339106),1014643288,2021-12-16T09:57:33Z,,Addigy,2024-02-29T12:09:39Z
FVFG14PNQ6LR,FVFG14PNQ6LR,Mac,MacBook Air,Z124,256GB,SPACE GRAY,Apple (1339106),1014776641,2021-12-16T09:57:38Z,,Addigy,2024-02-29T12:09:39Z
FVFG159FQ6LR,FVFG159FQ6LR,Mac,MacBook Air,Z124,256GB,SPACE GRAY,Apple (1339106),1014776641,2021-12-16T09:57:34Z,,Addigy,2024-02-29T12:09:39Z
FVFG15FNQ6LR,FVFG15FNQ6LR,Mac,MacBook Air,Z124,256GB,SPACE GRAY,Apple (1339106),1014776641,2021-12-16T09:57:39Z,,Addigy,2024-02-29T12:09:39Z
FVFG162DQ6LR,FVFG162DQ6LR,Mac,MacBook Air,Z124,256GB,SPACE GRAY,Apple (1339106),1014776641,2021-12-16T09:57:33Z,,Addigy,2024-02-29T12:09:39Z
FVFGV43HQ6LR,FVFGV43HQ6LR,Mac,MacBook Air,Z124,256GB,SPACE GRAY,Apple (1339106),1015916983,2021-12-16T09:57:40Z,,Addigy,2024-02-29T12:09:39Z
FVFGV45NQ6LR,FVFGV45NQ6LR,Mac,MacBook Air,Z124,256GB,SPACE GRAY,Apple (1339106),1015916983,2021-12-16T09:57:36Z,,Addigy,2024-02-29T12:09:39Z
FVFGV57VQ6LR,FVFGV57VQ6LR,Mac,MacBook Air,Z124,256GB,SPACE GRAY,Apple (1339106),1015916983,2021-12-16T09:57:36Z,,Addigy,2024-02-29T12:09:39Z
FVFGV5BHQ6LR,FVFGV5BHQ6LR,Mac,MacBook Air,Z124,256GB,SPACE GRAY,Apple (1339106),1015916983,2021-12-16T09:57:30Z,,Addigy,2024-02-29T12:09:39Z
FVFHQ1KQQ6LW,FVFHQ1KQQ6LW,Mac,MacBook Air,Z127,256GB,SILVER,Apple (1339106),1016972211,2022-05-21T14:49:51Z,,Addigy,2024-02-29T12:09:39Z
FVFHQ1M8Q6LW,FVFHQ1M8Q6LW,Mac,MacBook Air,Z127,256GB,SILVER,Apple (1339106),1016972211,2022-05-21T14:44:26Z,,Addigy,2024-02-29T12:09:39Z
FVFHQ6ZPQ6LR,FVFHQ6ZPQ6LR,Mac,MacBook Air,Z124,256GB,SPACE GRAY,Apple (1339106),1016972208,2022-05-23T03:17:56Z,,Addigy,2024-02-29T12:09:39Z
H6P6J36K4N,H6P6J36K4N,Mac,"MacBook Air 15""",Z18T,1TB,MIDNIGHT,Apple (1339106),AAA0334876,2023-07-13T05:16:39Z,,Addigy,2024-02-29T12:09:39Z
L776615C7L,L776615C7L,Mac,MacBook Air,Z15S,256GB,SPACE GRAY,Apple (1339106),1017506582,2022-09-05T03:19:43Z,,Addigy,2024-02-29T12:09:39Z
T06X199YCP,T06X199YCP,Mac,"MacBook Pro 16""",Z14V,1TB,SPACE GRAY,Apple (1339106),1016536634,2022-03-21T03:40:55Z,,Addigy,2024-02-29T12:09:39Z
VYMH9YQ559,VYMH9YQ559,Mac,Mac mini (2023),MMFJ3LL/A,256GB,SILVER,Apple (1339106),1018882786,2023-04-12T17:11:31Z,,Addigy,2024-02-29T12:09:39Z
WGV9GQT3NF,WGV9GQT3NF,Mac,"MacBook Pro 16""",Z14V,1TB,SPACE GRAY,Apple (1339106),1016972208,2022-07-12T03:23:33Z,,Addigy,2024-02-29T12:09:39Z
XQR4V3N0F3,XQR4V3N0F3,Mac,MacBook Air,Z15S,256GB,SPACE GRAY,Apple (1339106),1017506582,2022-09-05T03:19:21Z,,Addigy,2024-02-29T12:09:39Z
YN7LF1Q136,YN7LF1Q136,Mac,MacBook Air,Z15W,256GB,SILVER,Apple (1339106),1017506583,2022-09-03T03:13:04Z,,Addigy,2024-02-29T12:09:39Z
DRXDFHG4PN,DRXDFHG4PN,Mac,"MacBook Pro (14-inch, 2023)",MPHH3LL/A,512GB,SILVER,Apple (1347650),AAA0852418,2023-10-16T23:21:50Z,,Addigy (Macs),2024-02-29T15:53:55Z
H2WDH08CPJJ9,H2WDH08CPJJ9,Mac,Mac mini,Z0ZT,512GB,SPACE GRAY,Apple (1347650),1011721725,2022-09-19T10:41:12Z,,Addigy (Macs),2024-02-29T15:53:55Z
H2WGC1W4Q6NV,H2WGC1W4Q6NV,Mac,Mac mini,MGNR3LL/A,256GB,SILVER,Apple (1347650),1015705927,2022-09-19T10:41:11Z,,Addigy (Macs),2024-02-29T15:53:55Z
JFRWR2Y2Q6,JFRWR2Y2Q6,Mac,"MacBook Pro 14""",Z15J,512GB,SILVER,Apple (1347650),1015970999,2022-09-19T10:41:13Z,,Addigy (Macs),2024-02-29T15:53:55Z
K0WD9CQT77,K0WD9CQT77,Mac,"MacBook Pro 14""",Z15J,512GB,SILVER,Apple (1347650),1015970999,2022-09-19T10:41:10Z,,Addigy (Macs),2024-02-29T15:53:55Z
K7V5XF4MC2,K7V5XF4MC2,Mac,"MacBook Pro 14""",Z15J,512GB,SILVER,Apple (1347650),1015970999,2022-09-19T10:41:09Z,,Addigy (Macs),2024-02-29T15:53:55Z
KF73K576KJ,KF73K576KJ,Mac,"MacBook Pro 14""",Z15J,512GB,SILVER,Apple (1347650),1015970999,2022-09-19T10:41:15Z,,Addigy (Macs),2024-02-29T15:53:55Z
N1XVYQ1730,N1XVYQ1730,Mac,"MacBook Pro 14""",Z15J,512GB,SILVER,Apple (1347650),1015970999,2022-09-19T10:41:10Z,,Addigy (Macs),2024-02-29T15:56:10Z
P02D795DJQ,P02D795DJQ,Mac,"MacBook Pro 14""",Z15J,512GB,SILVER,Apple (1347650),1015970999,2022-09-19T10:41:08Z,,Addigy (Macs),2024-02-29T15:53:55Z
V17WH3F6YV,V17WH3F6YV,Mac,"MacBook Pro 14""",Z15J,512GB,SILVER,Apple (1347650),1017032839,2022-09-19T10:41:11Z,,Addigy (Macs),2024-02-29T15:53:55Z
W66Q2TRQXT,W66Q2TRQXT,Mac,"MacBook Pro 14""",Z15J,512GB,SILVER,Apple (1347650),1015970999,2022-09-19T10:41:09Z,,Addigy (Macs),2024-02-29T15:53:55Z
XW2QGW5RQL,XW2QGW5RQL,Mac,"MacBook Pro 14""",Z15J,512GB,SILVER,Apple (1347650),1017032839,2022-09-19T10:41:12Z,,Addigy (Macs),2024-03-04T14:35:03Z
XY2V45T4JF,XY2V45T4JF,Mac,"MacBook Pro 14""",Z15J,512GB,SILVER,Apple (1347650),1016488620,2022-09-19T10:41:14Z,,Addigy (Macs),2024-02-29T15:53:55Z
C02GK9VLMD6M,C02GK9VLMD6M,Mac,"MacBook Pro (16-inch, 2019)",MVVJ2LL/A,512GB,SPACE GRAY,Apple (1364513),1015305700,2021-10-16T03:37:34Z,,Kandji,2022-11-14T12:24:59Z
C2QTP2L40R,C2QTP2L40R,Mac,MacBook Air,Z15S,512GB,SPACE GRAY,Apple (1364513),AAA0108559,2023-05-27T05:27:01Z,,Kandji,2023-05-27T05:27:01Z
C9VJ07CFGM,C9VJ07CFGM,Mac,MacBook Air,Z15T,512GB,SPACE GRAY,Apple (1364513),AAA0305570,2023-07-08T07:13:41Z,,Kandji,2023-07-08T07:13:41Z
CH4WYV1412,CH4WYV1412,Mac,"MacBook Pro (16-inch, 2023)",Z175,1TB,SPACE GRAY,Apple (1364513),AAA0909951,2023-10-26T05:42:05Z,,Kandji,2023-10-26T05:42:05Z
D6MT6J79V4,D6MT6J79V4,Mac,"MacBook Pro 14""",Z15G,1TB,SPACE GRAY,Apple (1364513),1016116394,2022-01-28T03:57:23Z,,Kandji,2022-11-14T11:05:20Z
F70K0C21HX,F70K0C21HX,Mac,"MacBook Air 15""",Z18N,512GB,SPACE GRAY,Apple (1364513),AAA0305570,2023-07-08T07:13:49Z,,Kandji,2023-07-08T07:13:49Z
FV32QL57HG,FV32QL57HG,Mac,Mac Studio (2022),MJMW3LL/A,1TB,SILVER,Apple (1364513),1017785501,2022-10-19T17:13:24Z,,Kandji,2024-03-05T15:25:15Z
FVFG17HKQ6LR,FVFG17HKQ6LR,Mac,MacBook Air,Z124,256GB,SPACE GRAY,Apple (1364513),1014783023,2021-10-04T16:34:57Z,,NONE,
FVFG2B3RQ6LR,FVFG2B3RQ6LR,Mac,MacBook Air,Z124,256GB,SPACE GRAY,Apple (1364513),1014827726,2021-10-04T16:34:52Z,,NONE,
FVFG57GLQ6LR,FVFG57GLQ6LR,Mac,MacBook Air,Z124,256GB,SPACE GRAY,Apple (1364513),1014939403,2021-10-04T16:34:55Z,,NONE,
FVFG57YEQ6LR,FVFG57YEQ6LR,Mac,MacBook Air,Z124,256GB,SPACE GRAY,Apple (1364513),1014939403,2021-10-04T16:34:57Z,,NONE,
FVFG5AKHQ6LR,FVFG5AKHQ6LR,Mac,MacBook Air,Z124,256GB,SPACE GRAY,Apple (1364513),1014939403,2021-10-04T16:34:56Z,,NONE,
FVFG5AQLQ6LR,FVFG5AQLQ6LR,Mac,MacBook Air,Z124,256GB,SPACE GRAY,Apple (1364513),1014939403,2021-10-04T16:34:55Z,,NONE,
FVFH33NQQ6LR,FVFH33NQQ6LR,Mac,MacBook Air,Z124,256GB,SPACE GRAY,Apple (1364513),3584302835,2022-01-15T03:28:29Z,,Kandji,2022-11-14T09:39:19Z
FVFHQ7JUQ6LR,FVFHQ7JUQ6LR,Mac,MacBook Air,Z124,256GB,SPACE GRAY,Apple (1364513),1016969446,2022-05-21T15:03:37Z,,Kandji,2022-11-14T10:09:20Z
FVFJY2B41WG7,FVFJY2B41WG7,Mac,MacBook Air,Z124,256GB,SPACE GRAY,Apple (1364513),1018332907,2023-01-05T03:59:13Z,,Kandji,2023-01-05T03:59:13Z
GKMQCXY350,GKMQCXY350,Mac,MacBook Air,Z15T,512GB,SPACE GRAY,Apple (1364513),AAA0305570,2023-07-08T07:15:16Z,,Kandji,2023-07-08T07:15:16Z
H2WG60VHQ6NY,H2WG60VHQ6NY,Mac,Mac mini,Z12N,256GB,SILVER,Apple (1364513),1014939403,2021-10-04T16:34:54Z,,Kandji,2022-11-14T10:30:16Z
H2WG60XLQ6NY,H2WG60XLQ6NY,Mac,Mac mini,Z12N,256GB,SILVER,Apple (1364513),1014939403,2021-10-04T16:34:51Z,,Kandji,2024-03-05T15:25:15Z
H2WG60XRQ6NY,H2WG60XRQ6NY,Mac,Mac mini,Z12N,256GB,SILVER,Apple (1364513),1014939403,2021-10-04T16:34:50Z,,Kandji,2024-03-05T15:25:15Z
H36V21Q4MF,H36V21Q4MF,Mac,MacBook Air,Z15S,512GB,SPACE GRAY,Apple (1364513),AAA0364117,2023-07-20T05:14:50Z,,Kandji,2023-07-20T05:14:50Z
KFJQY49FMF,KFJQY49FMF,Mac,MacBook Air,Z15T,512GB,SPACE GRAY,Apple (1364513),AAA0305570,2023-07-08T07:14:12Z,,Kandji,2023-07-08T07:14:12Z
LJHX69JQTM,LJHX69JQTM,Mac,"MacBook Pro (14-inch, 2023)",MPHF3LL/A,1TB,SPACE GRAY,Apple (1364513),AAA0177161,2023-06-08T19:43:33Z,,Kandji,2023-06-08T19:43:33Z
LXCDWW0QLV,LXCDWW0QLV,Mac,MacBook Air,Z15S,256GB,SPACE GRAY,Apple (1364513),1018830318,2023-04-06T03:17:32Z,,Kandji,2023-04-06T03:17:32Z
MTCX91HG36,MTCX91HG36,Mac,"MacBook Pro (14-inch, 2023)",MPHE3LL/A,512GB,SPACE GRAY,Apple (1364513),AAA0364117,2023-07-17T21:25:57Z,,Kandji,2023-07-17T21:25:57Z
QG6XWP7RJ7,QG6XWP7RJ7,Mac,MacBook Air,Z15S,256GB,SPACE GRAY,Apple (1364513),1018542305,2023-02-11T03:13:24Z,,Kandji,2023-02-11T03:13:24Z
QMJ2X4KQC5,QMJ2X4KQC5,Mac,"MacBook Pro 14""",Z15H,1TB,SPACE GRAY,Apple (1364513),1016503769,2022-03-14T15:44:08Z,,Kandji,2022-12-01T14:00:11Z
VNWXGQ57GY,VNWXGQ57GY,Mac,MacBook Air,Z15S,256GB,SPACE GRAY,Apple (1364513),1018542305,2023-02-11T03:11:38Z,,Kandji,2023-02-11T03:11:38Z
WGT7120Q9D,WGT7120Q9D,Mac,"MacBook Pro (16-inch, 2023)",Z175,1TB,SPACE GRAY,Apple (1364513),AAA0909951,2023-10-26T05:28:46Z,,Kandji,2023-10-26T05:28:46Z
Y7XFK999CJ,Y7XFK999CJ,Mac,Mac Studio (2022),Z14J,1TB,SILVER,Apple (1364513),1016969022,2022-05-27T03:29:53Z,,Kandji,2022-11-14T10:56:18Z
YRQRXFM2RV,YRQRXFM2RV,Mac,MacBook Air,Z15S,512GB,SPACE GRAY,Apple (1364513),AAA0108559,2023-05-27T05:27:04Z,,Kandji,2023-05-27T05:27:04Z
CQ7243M4YX,CQ7243M4YX,Mac,"MacBook Pro (16-inch, 2023)",MNW93LL/A,1TB,SPACE GRAY,Apple (1399331),AAA0164154,2023-06-06T18:53:16Z,,Addigy,2024-03-04T17:21:18Z
FJQ36X64WV,FJQ36X64WV,Mac,MacBook Air,Z161,512GB,MIDNIGHT,Apple (1399331),AAA0509903,2023-08-19T06:09:00Z,,Addigy,2024-03-04T17:21:18Z
FVFFR356Q05D,FVFFR356Q05D,Mac,"MacBook Pro 13""",MYD82LL/A,256GB,SPACE GRAY,Apple (1399331),1014707259,2021-06-21T04:39:14Z,,Addigy,2024-03-04T17:21:18Z
GP6G6FW79Y,GP6G6FW79Y,Mac,"MacBook Pro (16-inch, 2023)",MNW93LL/A,1TB,SPACE GRAY,Apple (1399331),ADA3479765,2023-05-21T14:11:35Z,,Addigy,2024-03-04T17:21:18Z
JW5XW6QRKJ,JW5XW6QRKJ,Mac,"MacBook Pro 13""",Z16R,512GB,SPACE GRAY,Apple (1399331),1017855529,2022-10-17T07:11:04Z,,Addigy,2024-03-04T17:21:18Z
LYDJR3DP24,LYDJR3DP24,Mac,"MacBook Pro (16-inch, 2023)",MNW93LL/A,1TB,SPACE GRAY,Apple (1399331),AAA0020940,2023-05-05T03:57:41Z,,Addigy,2024-03-04T17:21:18Z
RMXJNM67D2,RMXJNM67D2,Mac,MacBook Air,Z161,512GB,MIDNIGHT,Apple (1399331),AAA0020940,2023-05-06T07:19:23Z,,Addigy,2024-03-04T17:21:18Z
Y1VY6CJ366,Y1VY6CJ366,Mac,MacBook Air,Z161,512GB,MIDNIGHT,Apple (1399331),AAA0020940,2023-05-06T07:18:10Z,,Addigy,2024-03-04T17:21:18Z
YMP6M95WXQ,YMP6M95WXQ,Mac,MacBook Air,Z161,512GB,MIDNIGHT,Apple (1399331),AAA0020940,2023-05-06T07:17:40Z,,Addigy,2024-03-04T17:21:18Z
C02DM362PN5V,C02DM362PN5V,Mac,"27"" iMac (Mid 2020)",MXWU2LL/A,512GB,SILVER,Apple (1353754),1012385402,2021-01-26T03:52:24Z,,Addigy,2024-03-04T11:10:18Z
C02DP58307F1,C02DP58307F1,Mac,"iMac 21.5""",MHK23LL/A,256GB,SILVER,Apple (1353754),1012385402,2021-01-22T03:45:08Z,,Addigy,2024-03-04T11:10:18Z
C02DWGN6MD6M,C02DWGN6MD6M,Mac,"MacBook Pro (16-inch, 2019)",MVVJ2LL/A,512GB,SPACE GRAY,Apple (1353754),1012385402,2021-01-14T16:23:23Z,,Addigy,2024-03-04T11:10:18Z
H2WFH0D7Q6NY,H2WFH0D7Q6NY,Mac,Mac mini,Z12N,256GB,SILVER,Apple (1353754),1014224961,2021-03-31T03:42:11Z,,Addigy,2024-03-04T11:10:18Z
H2WFH0G9Q6NY,H2WFH0G9Q6NY,Mac,Mac mini,Z12N,256GB,SILVER,Apple (1353754),1014224961,2021-03-31T03:45:58Z,,Addigy,2024-03-04T11:10:18Z
H4TFG0TTPN7C,H4TFG0TTPN7C,Mac,"27"" iMac (Mid 2020)",Z0ZX,512GB,SILVER,Apple (1353754),1014224961,2021-03-30T05:49:35Z,,Addigy,2024-03-04T11:10:18Z
H4TFH0M5PN78,H4TFH0M5PN78,Mac,"27"" iMac (Mid 2020)",Z0ZW,512GB,SILVER,Apple (1353754),1014224961,2021-04-02T04:15:06Z,,Addigy,2024-03-04T11:10:18Z
C02D20C3MD6R,C02D20C3MD6R,Mac,"MacBook Pro (16-inch, 2019)",Z0XZ,512GB,SPACE GRAY,Apple (1307564),1011293969,2020-07-09T16:36:36Z,,Addigy,2024-03-05T08:04:46Z
C02DP80FMD6R,C02DP80FMD6R,Mac,"MacBook Pro (16-inch, 2019)",Z0XZ,512GB,SPACE GRAY,Apple (1307564),1011892196,2020-11-16T04:14:19Z,,Addigy,2024-03-05T08:04:46Z
DJ394MM2FH,DJ394MM2FH,Mac,"MacBook Pro 14""",MKGP3LL/A,512GB,SPACE GRAY,Apple (1307564),1016348573,2022-02-23T03:22:07Z,,Addigy,2024-03-05T08:04:46Z
DN9YF77DFJ,DN9YF77DFJ,Mac,"MacBook Pro (14-inch, 2023)",Z17G,512GB,SPACE GRAY,Apple (1307564),1018706458,2023-03-14T05:24:35Z,,Addigy,2024-03-05T08:04:46Z
DNFNKWYXK9,DNFNKWYXK9,Mac,"MacBook Pro (14-inch, 2023)",Z17G,512GB,SPACE GRAY,Apple (1307564),AAA0583156,2023-09-04T05:13:57Z,,Addigy,2024-03-05T08:04:46Z
FV2PVW9L95,FV2PVW9L95,Mac,"MacBook Pro (14-inch, Nov 2023)",Z1AU,512GB,SPACE BLACK,Apple (1307564),AAA1502274,2024-02-15T05:05:05Z,,Addigy,2024-03-05T08:04:46Z
FVFD1AHTM6KG,FVFD1AHTM6KG,Mac,MacBook Air,MVH22LL/A,512GB,SPACE GRAY,Apple (1307564),1011349850,2020-07-22T15:29:02Z,,Addigy,2024-03-05T08:04:46Z
FVFDQ8F9Q6L5,FVFDQ8F9Q6L5,Mac,MacBook Air,MGN73LL/A,512GB,SPACE GRAY,Apple (1307564),1012063313,2020-12-08T16:27:50Z,,Addigy,2024-03-05T08:04:46Z
FVFFN0A5Q6LR,FVFFN0A5Q6LR,Mac,MacBook Air,Z124,256GB,SPACE GRAY,Apple (1307564),1014412364,2021-05-06T04:43:10Z,,Addigy,2024-03-05T08:04:46Z
FVFFN0ADQ6LR,FVFFN0ADQ6LR,Mac,MacBook Air,Z124,256GB,SPACE GRAY,Apple (1307564),1014412364,2021-05-06T03:47:50Z,,Addigy,2024-03-05T08:04:46Z
FVFFN0NVQ6LR,FVFFN0NVQ6LR,Mac,MacBook Air,Z124,256GB,SPACE GRAY,Apple (1307564),1014412364,2021-05-06T04:48:41Z,,Addigy,2024-03-05T08:04:46Z
FVFG24CQQ6LR,FVFG24CQQ6LR,Mac,MacBook Air,Z124,256GB,SPACE GRAY,Apple (1307564),1014811916,2021-07-10T03:34:02Z,,Addigy,2024-03-05T08:04:46Z
FVFG24LKQ6LR,FVFG24LKQ6LR,Mac,MacBook Air,Z124,256GB,SPACE GRAY,Apple (1307564),1014811916,2021-07-10T03:41:16Z,,Addigy,2024-03-05T08:04:46Z
FVFG24RWQ6LR,FVFG24RWQ6LR,Mac,MacBook Air,Z124,256GB,SPACE GRAY,Apple (1307564),1014811916,2021-07-10T03:25:53Z,,Addigy,2024-03-05T08:04:46Z
FVFH76JGQ6LR,FVFH76JGQ6LR,Mac,MacBook Air,Z124,256GB,SPACE GRAY,Apple (1307564),1016348573,2022-02-14T15:29:35Z,,Addigy,2024-03-05T08:04:46Z
FVFHH1XPQ6LR,FVFHH1XPQ6LR,Mac,MacBook Air,Z124,256GB,SPACE GRAY,Apple (1307564),1016696293,2022-04-07T15:25:10Z,,Addigy,2024-03-05T08:04:46Z
FXJTXKXT43,FXJTXKXT43,Mac,MacBook Air,Z15S,256GB,SPACE GRAY,Apple (1307564),1018328701,2023-01-06T03:44:31Z,,Addigy,2024-03-05T08:04:46Z
G0HWKWHXVV,G0HWKWHXVV,Mac,MacBook Air,Z15S,256GB,SPACE GRAY,Apple (1307564),AAA0588341,2023-09-05T05:11:37Z,,Addigy,2024-03-05T08:04:46Z
GPW6JLXNQ7,GPW6JLXNQ7,Mac,MacBook Air,Z15S,256GB,SPACE GRAY,Apple (1307564),AAA1167177,2023-12-05T04:33:44Z,,Addigy,2024-03-05T08:04:46Z
GWTJ4DC70Q,GWTJ4DC70Q,Mac,MacBook Air,Z15S,256GB,SPACE GRAY,Apple (1307564),1017945070,2022-10-29T05:38:25Z,,Addigy,2024-03-05T08:04:46Z
H2WGH00LQ6P0,H2WGH00LQ6P0,Mac,Mac mini,Z12P,512GB,SILVER,Apple (1307564),1015326425,2021-09-29T04:20:28Z,,Addigy,2024-03-05T08:04:46Z
H2WGH08LQ6P0,H2WGH08LQ6P0,Mac,Mac mini,Z12P,1TB,SILVER,Apple (1307564),1015326425,2021-09-29T03:40:42Z,,Addigy,2024-03-05T08:04:46Z
H2WHV0BUQ6P0,H2WHV0BUQ6P0,Mac,Mac mini,Z12P,1TB,SILVER,Apple (1307564),1017061384,2022-06-10T03:27:00Z,,Addigy,2024-03-05T08:04:46Z
H4TKQ0Q6Q6W1,H4TKQ0Q6Q6W1,Mac,"iMac (24-inch, M1, 2021)",MGPC3LL/A,256GB,SILVER,Apple (1307564),AAA0244065,2023-06-22T23:13:50Z,,Addigy,2024-03-05T08:04:46Z
H7Y9DV9212,H7Y9DV9212,Mac,MacBook Air,Z15S,256GB,SPACE GRAY,Apple (1307564),AAA0139596,2023-06-03T05:20:29Z,,Addigy,2024-03-05T08:04:46Z
HQRLYWD4TF,HQRLYWD4TF,Mac,MacBook Air,Z15S,256GB,SPACE GRAY,Apple (1307564),1018279542,2022-12-22T05:31:02Z,,Addigy,2024-03-05T08:04:46Z
J02WN4XFL6,J02WN4XFL6,Mac,MacBook Air,Z15S,256GB,SPACE GRAY,Apple (1307564),1017260720,2022-07-21T11:23:10Z,,Addigy,2024-03-05T08:04:46Z
JNXMVTY6VC,JNXMVTY6VC,Mac,"MacBook Pro (14-inch, 2023)",Z17G,512GB,SPACE GRAY,Apple (1307564),AAA0113860,2023-06-01T05:22:09Z,,Addigy,2024-03-05T08:04:46Z
JRFH2TQWYX,JRFH2TQWYX,Mac,MacBook Air,Z15S,256GB,SPACE GRAY,Apple (1307564),AAA0011749,2023-05-02T06:04:55Z,,Addigy,2024-03-05T08:04:46Z
KDQLVVPG2Y,KDQLVVPG2Y,Mac,Mac Studio (2023),MQH63LL/A,1TB,SILVER,Apple (1307564),AAA0244065,2023-06-22T21:16:19Z,,Addigy,2024-03-05T08:04:46Z
MF2NC33LQK,MF2NC33LQK,Mac,MacBook Air,Z15S,256GB,SPACE GRAY,Apple (1307564),1017260720,2022-07-21T11:23:12Z,,Addigy,2024-03-05T08:04:46Z
MRYMF2GYXG,MRYMF2GYXG,Mac,MacBook Air,Z15S,256GB,SPACE GRAY,Apple (1307564),AAA0759817,2023-09-27T04:55:34Z,,Addigy,2024-03-05T08:04:46Z
NTXKV99KXR,NTXKV99KXR,Mac,MacBook Air,Z15S,256GB,SPACE GRAY,Apple (1307564),1017260720,2022-07-21T11:23:42Z,,Addigy,2024-03-05T08:04:46Z
Q54PXYLJYJ,Q54PXYLJYJ,Mac,"MacBook Pro 14""",Z15G,512GB,SPACE GRAY,Apple (1307564),1018233374,2022-12-15T05:38:04Z,,Addigy,2024-03-05T08:04:46Z
QGPWK106YJ,QGPWK106YJ,Mac,MacBook Air,Z15S,256GB,SPACE GRAY,Apple (1307564),AAA1502274,2024-02-16T04:44:48Z,,Addigy,2024-03-05T08:04:46Z
VM77VHHVF6,VM77VHHVF6,Mac,Mac mini (2023),MNH73LL/A,512GB,SILVER,Apple (1307564),AAA0399741,2023-07-24T21:09:58Z,,Addigy,2024-03-05T08:04:46Z
WPK7H7L9M1,WPK7H7L9M1,Mac,MacBook Air,Z15S,256GB,SPACE GRAY,Apple (1307564),AAA0139596,2023-06-03T05:21:27Z,,Addigy,2024-03-05T08:04:46Z
WW6P70F4K7,WW6P70F4K7,Mac,MacBook Air,Z15S,256GB,SPACE GRAY,Apple (1307564),1018850415,2023-04-08T08:58:33Z,,Addigy,2024-03-05T08:04:46Z
X552WC9NDQ,X552WC9NDQ,Mac,"MacBook Pro 14""",MKGP3LL/A,512GB,SPACE GRAY,Apple (1307564),1018233377,2022-12-12T19:20:51Z,,Addigy,2024-03-05T08:04:46Z
YF396KV4P1,YF396KV4P1,Mac,MacBook Air,Z15S,256GB,SPACE GRAY,Apple (1307564),1017945070,2022-10-29T05:30:18Z,,Addigy,2024-03-05T08:04:46Z
C02K617YQ6LR,C02K617YQ6LR,Mac,MacBook Air,Z124,256GB,SPACE GRAY,Apple (1016480),1018537288,2023-02-09T03:21:09Z,,Kandji,2023-02-09T03:21:09Z
C02K61H4Q6LR,C02K61H4Q6LR,Mac,MacBook Air,Z124,256GB,SPACE GRAY,Apple (1016480),1018537288,2023-02-09T03:14:39Z,,Kandji,2023-02-09T03:14:39Z
C02K625EQ6LR,C02K625EQ6LR,Mac,MacBook Air,Z124,256GB,SPACE GRAY,Apple (1016480),1018537288,2023-02-09T03:19:16Z,,Kandji,2023-02-09T03:19:16Z
C02KD01MQ6LR,C02KD01MQ6LR,Mac,MacBook Air,Z124,256GB,SPACE GRAY,Apple (1016480),1018712035,2023-03-14T05:26:04Z,,Kandji,2023-03-14T05:26:04Z
C02KD02CQ6LR,C02KD02CQ6LR,Mac,MacBook Air,Z124,256GB,SPACE GRAY,Apple (1016480),1018712035,2023-03-14T05:16:29Z,,Kandji,2023-03-14T05:16:29Z
C02KD036Q6LR,C02KD036Q6LR,Mac,MacBook Air,Z124,256GB,SPACE GRAY,Apple (1016480),1018712035,2023-03-14T05:17:35Z,,Kandji,2023-03-14T05:17:35Z
C02RH3USH3QF,C02RH3USH3QF,Mac,"MacBook Air 13""",MMGG2LL/A,256GB,SILVER,Apple (1016480),1004866007,2021-05-24T17:33:23Z,,Kandji,2022-09-27T11:17:48Z
C02YN2Z2JK7M,C02YN2Z2JK7M,Mac,"MacBook Air 13""",Z0VE,256GB,SPACE GRAY,Apple (1016480),1009295262,2021-05-24T17:33:16Z,,Kandji,2022-09-27T11:17:48Z
C02YN2Z3JK7M,C02YN2Z3JK7M,Mac,"MacBook Air 13""",Z0VE,256GB,SPACE GRAY,Apple (1016480),1009295262,2021-05-24T17:33:15Z,,Kandji,2022-09-27T11:17:48Z
C02YN2Z4JK7M,C02YN2Z4JK7M,Mac,"MacBook Air 13""",Z0VE,256GB,SPACE GRAY,Apple (1016480),1009295262,2021-05-24T17:33:15Z,,Kandji,2022-09-27T11:17:48Z
C02YN2Z5JK7M,C02YN2Z5JK7M,Mac,"MacBook Air 13""",Z0VE,256GB,SPACE GRAY,Apple (1016480),1009295262,2021-05-24T17:33:14Z,,Kandji,2022-09-27T11:17:48Z
C02YPD7HLVDC,C02YPD7HLVDC,Mac,"MacBook Pro 13""",MV962LL/A,256GB,SPACE GRAY,Apple (1016480),1009592330,2021-05-24T17:33:18Z,,Kandji,2022-09-27T11:17:48Z
C02YR15KJK7M,C02YR15KJK7M,Mac,"MacBook Air 13""",Z0VE,256GB,SPACE GRAY,Apple (1016480),1009394463,2021-05-24T17:33:04Z,,Kandji,2022-09-27T11:17:48Z
C07QQ0XAG1J1,C07QQ0XAG1J1,Mac,Mac mini,Z0R7,1TB,SILVER,Apple (1016480),1004387767,2021-05-24T17:33:17Z,,Kandji,2022-09-27T11:16:36Z
C1MQH7ECG944,C1MQH7ECG944,Mac,"MacBook Air 13""",Z0RJ,256GB,SILVER,Apple (1016480),1004197412,2021-05-24T17:33:21Z,,NONE,
C1MR13FZG944,C1MR13FZG944,Mac,"MacBook Air 13""",Z0RJ,256GB,SILVER,Apple (1016480),1004517459,2021-05-24T17:33:10Z,,Kandji,2022-09-27T11:19:05Z
C1MR36L4G944,C1MR36L4G944,Mac,"MacBook Air 13""",Z0RJ,256GB,SILVER,Apple (1016480),1004560068,2021-05-24T17:33:09Z,,NONE,
C1MR65FTG944,C1MR65FTG944,Mac,"MacBook Air 13""",Z0RJ,256GB,SILVER,Apple (1016480),1004622514,2021-05-24T17:33:20Z,,NONE,
C1MTL6ZNJ1WL,C1MTL6ZNJ1WL,Mac,"MacBook Air 13""",MQD42LL/A,256GB,SILVER,Apple (1016480),1006461239,2021-05-24T17:33:13Z,,Kandji,2022-09-27T11:14:42Z
CF5WQG03TX,CF5WQG03TX,Mac,MacBook Air,Z160,256GB,MIDNIGHT,Apple (1016480),AAA0829098,2023-10-11T05:38:29Z,,Kandji,2023-10-11T05:38:29Z
D25R4QR9RC,D25R4QR9RC,Mac,MacBook Air,Z160,256GB,MIDNIGHT,Apple (1016480),AAA0254717,2023-06-27T05:27:31Z,,Kandji,2023-06-27T05:27:31Z
D9Q03PN66G,D9Q03PN66G,Mac,MacBook Air,Z160,256GB,MIDNIGHT,Apple (1016480),AAA1584574,2024-02-26T04:29:38Z,,Kandji,2024-02-26T04:29:38Z
F2CMXJ03GC,F2CMXJ03GC,Mac,MacBook Air,Z160,256GB,MIDNIGHT,Apple (1016480),AAA0829098,2023-10-11T05:30:37Z,,Kandji,2023-10-11T05:30:37Z
F7W4F4919J,F7W4F4919J,Mac,MacBook Air,Z160,256GB,MIDNIGHT,Apple (1016480),AAA0254717,2023-06-27T05:26:04Z,,Kandji,2023-06-27T05:26:04Z
FVFFD23EQ6LT,FVFFD23EQ6LT,Mac,MacBook Air,Z125,512GB,SPACE GRAY,Apple (1016480),1014087373,2021-05-24T17:33:12Z,,Kandji,2022-09-27T11:15:23Z
FVFJH4561WG7,FVFJH4561WG7,Mac,MacBook Air,Z124,256GB,SPACE GRAY,Apple (1016480),1017750769,2022-09-30T03:24:19Z,,Kandji,2022-09-30T03:24:19Z
FVFJH47F1WG7,FVFJH47F1WG7,Mac,MacBook Air,Z124,256GB,SPACE GRAY,Apple (1016480),1017750769,2022-09-30T03:21:27Z,,Kandji,2022-09-30T03:21:27Z
FVFJH4C21WG7,FVFJH4C21WG7,Mac,MacBook Air,Z124,256GB,SPACE GRAY,Apple (1016480),1017750769,2022-09-30T03:32:41Z,,Kandji,2022-09-30T03:32:41Z
FVFJT2XF1WG7,FVFJT2XF1WG7,Mac,MacBook Air,Z124,256GB,SPACE GRAY,Apple (1016480),1018149834,2022-12-01T05:21:07Z,,Kandji,2022-12-01T05:21:07Z
FVFJT32V1WG7,FVFJT32V1WG7,Mac,MacBook Air,Z124,256GB,SPACE GRAY,Apple (1016480),1018149834,2022-12-01T05:20:28Z,,Kandji,2022-12-01T05:20:28Z
FVFJT32W1WG7,FVFJT32W1WG7,Mac,MacBook Air,Z124,256GB,SPACE GRAY,Apple (1016480),1018149834,2022-12-01T05:17:54Z,,Kandji,2022-12-01T05:17:54Z
FVFKL0851WG7,FVFKL0851WG7,Mac,MacBook Air,Z124,256GB,SPACE GRAY,Apple (1016480),AAA0026139,2023-05-06T06:18:32Z,,Kandji,2023-05-06T06:18:32Z
FVFKM1CS1WG7,FVFKM1CS1WG7,Mac,MacBook Air,Z124,256GB,SPACE GRAY,Apple (1016480),AAA0026139,2023-05-06T06:17:23Z,,Kandji,2023-05-06T06:17:23Z
FVFKM1CZ1WG7,FVFKM1CZ1WG7,Mac,MacBook Air,Z124,256GB,SPACE GRAY,Apple (1016480),AAA0026139,2023-05-06T06:18:47Z,,Kandji,2023-05-06T06:18:47Z
FVFKM1QN1WG7,FVFKM1QN1WG7,Mac,MacBook Air,Z124,256GB,SPACE GRAY,Apple (1016480),AAA0026139,2023-05-06T06:18:33Z,,Kandji,2023-05-06T06:18:33Z
FVFKM1R11WG7,FVFKM1R11WG7,Mac,MacBook Air,Z124,256GB,SPACE GRAY,Apple (1016480),AAA0026139,2023-05-06T06:18:05Z,,Kandji,2023-05-06T06:18:05Z
FVHF2B8DQ6L4,FVHF2B8DQ6L4,Mac,MacBook Air,MGN63LL/A,256GB,SPACE GRAY,Apple (1016480),1014434235,2021-05-24T17:33:07Z,,Kandji,2022-09-27T11:15:34Z
FVHF2BBWQ6L4,FVHF2BBWQ6L4,Mac,MacBook Air,MGN63LL/A,256GB,SPACE GRAY,Apple (1016480),1014434235,2021-05-24T17:33:18Z,,Kandji,2022-09-27T11:15:45Z
FVHF2BC3Q6L4,FVHF2BC3Q6L4,Mac,MacBook Air,MGN63LL/A,256GB,SPACE GRAY,Apple (1016480),1014434235,2021-05-24T17:33:20Z,,NONE,
FVHF2BF4Q6L4,FVHF2BF4Q6L4,Mac,MacBook Air,MGN63LL/A,256GB,SPACE GRAY,Apple (1016480),1014434235,2021-05-24T17:33:05Z,,Kandji,2022-09-27T11:16:13Z
FVHF2BG7Q6L4,FVHF2BG7Q6L4,Mac,MacBook Air,MGN63LL/A,256GB,SPACE GRAY,Apple (1016480),1014434235,2021-05-24T17:33:19Z,,Kandji,2022-09-27T11:16:25Z
K376W9CFCV,K376W9CFCV,Mac,MacBook Air,Z160,256GB,MIDNIGHT,Apple (1016480),AAA0829098,2023-10-09T05:26:33Z,,Kandji,2023-10-09T05:26:33Z
LXW7FJP913,LXW7FJP913,Mac,MacBook Air,Z160,256GB,MIDNIGHT,Apple (1016480),AAA0829098,2023-10-11T05:48:21Z,,Kandji,2023-10-11T05:48:21Z
LYX2G57WGW,LYX2G57WGW,Mac,MacBook Air,Z160,256GB,MIDNIGHT,Apple (1016480),AAA0829098,2023-10-11T05:40:32Z,,Kandji,2023-10-11T05:40:32Z
MFPHM4Q7H4,MFPHM4Q7H4,Mac,MacBook Air,Z160,256GB,MIDNIGHT,Apple (1016480),AAA0829098,2023-10-11T05:27:25Z,,Kandji,2023-10-11T05:27:25Z
N0XX361RW5,N0XX361RW5,Mac,MacBook Air,Z160,256GB,MIDNIGHT,Apple (1016480),AAA1584574,2024-02-26T04:29:54Z,,Kandji,2024-02-26T04:29:54Z
PH7W7T46R4,PH7W7T46R4,Mac,MacBook Air,Z160,256GB,MIDNIGHT,Apple (1016480),AAA0254717,2023-06-27T05:26:04Z,,Kandji,2023-06-27T05:26:04Z
Q3KH536QXN,Q3KH536QXN,Mac,MacBook Air,Z160,256GB,MIDNIGHT,Apple (1016480),AAA0254717,2023-06-27T05:26:28Z,,Kandji,2023-06-27T05:26:28Z
QQ36HXN6K6,QQ36HXN6K6,Mac,MacBook Air,Z160,256GB,MIDNIGHT,Apple (1016480),AAA0254717,2023-06-27T05:27:55Z,,Kandji,2023-06-27T05:27:55Z
WYY24991W2,WYY24991W2,Mac,MacBook Air,Z160,256GB,MIDNIGHT,Apple (1016480),AAA1584574,2024-02-26T04:25:06Z,,Kandji,2024-02-26T04:25:06Z
DMG366LHW0,DMG366LHW0,Mac,Mac mini (2023),Z16K,256GB,SILVER,Apple (1358097),AAA1424171,2024-01-29T04:23:58Z,Addigy,2024-03-13T14:15:10Z,
J9NDQWJFCP,J9NDQWJFCP,Mac,Mac mini (2023),Z16K,256GB,SILVER,Apple (1358097),AAA1424171,2024-01-29T04:18:58Z,Addigy,2024-03-13T14:15:10Z,
N2V363M4WR,N2V363M4WR,Mac,Mac mini (2023),Z16K,256GB,SILVER,Apple (1358097),AAA1424171,2024-01-29T04:23:51Z,Addigy,2024-03-13T14:15:10Z,
V4YWDKQK02,V4YWDKQK02,Mac,Mac mini (2023),Z16K,256GB,SILVER,Apple (1358097),AAA1424171,2024-01-29T04:26:35Z,Addigy,2024-03-13T14:15:10Z,
VV4QNV7M04,VV4QNV7M04,Mac,Mac mini (2023),Z16K,256GB,SILVER,Apple (1358097),AAA1424171,2024-01-29T04:26:33Z,Addigy,2024-03-13T14:15:10Z,
WX9KGHG9YM,WX9KGHG9YM,Mac,Mac mini (2023),Z16K,256GB,SILVER,Apple (1358097),AAA1424171,2024-01-29T04:21:49Z,Addigy,2024-03-13T14:15:10Z,
C90L6RN7F5,C90L6RN7F5,Mac,"iMac (24-inch, 2023)",Z19E,512GB,SILVER,Apple (1480181),AAA1194800,2023-12-11T04:27:39Z,,Kandji,2023-12-11T04:27:39Z
GDQGWVTHRV,GDQGWVTHRV,Mac,"iMac (24-inch, 2023)",Z19E,512GB,SILVER,Apple (1480181),AAA1194797,2023-12-11T04:24:51Z,,Kandji,2023-12-11T04:24:51Z
H4TKW0KMQ7H6,H4TKW0KMQ7H6,Mac,"iMac (24-inch, M1, 2021)",Z13K,512GB,SILVER,Apple (1480181),AAA0242012,2023-06-26T09:14:01Z,,Kandji,2023-06-26T09:14:01Z
H4TKW0KPQ7H6,H4TKW0KPQ7H6,Mac,"iMac (24-inch, M1, 2021)",Z13K,512GB,SILVER,Apple (1480181),AAA0242012,2023-06-26T09:14:06Z,,Kandji,2023-06-26T09:14:06Z
H4TKW0KQQ7H6,H4TKW0KQQ7H6,Mac,"iMac (24-inch, M1, 2021)",Z13K,512GB,SILVER,Apple (1480181),AAA0242012,2023-06-26T09:14:08Z,,Kandji,2023-06-26T09:14:08Z
H4TL40DRQ7H6,H4TL40DRQ7H6,Mac,"iMac (24-inch, M1, 2021)",Z13K,512GB,SILVER,Apple (1480181),AAA0414102,2023-07-29T05:25:42Z,,Kandji,2023-07-29T05:25:42Z
JPD2K6VVRX,JPD2K6VVRX,Mac,"MacBook Pro 14""",MKGP3LL/A,512GB,SPACE GRAY,Apple (1480181),1016282969,2022-02-18T13:24:29Z,,Kandji,2022-11-08T09:14:20Z
W3JHFJQ9CX,W3JHFJQ9CX,Mac,"iMac (24-inch, 2023)",Z19E,512GB,SILVER,Apple (1480181),AAA1244206,2023-12-20T06:23:06Z,,Kandji,2023-12-20T06:23:06Z
X20T0C7TR2,X20T0C7TR2,Mac,"MacBook Pro 14""",MKGP3LL/A,512GB,SPACE GRAY,Apple (1480181),1016159797,2022-02-08T03:47:30Z,,Kandji,2022-11-04T13:26:45Z
C02C25V1MD6M,C02C25V1MD6M,Mac,"MacBook Pro (16-inch, 2019)",MVVJ2LL/A,512GB,SPACE GRAY,Apple (1178578),1010614390,2020-02-06T03:33:47Z,,Kandji,2023-03-08T15:15:27Z
C02C7B1KMD6R,C02C7B1KMD6R,Mac,"MacBook Pro (16-inch, 2019)",Z0XZ,512GB,SPACE GRAY,Apple (1178578),1010613542,2020-02-19T03:30:23Z,,Kandji,2023-01-17T15:37:46Z
C02DR8R4MD6R,C02DR8R4MD6R,Mac,"MacBook Pro (16-inch, 2019)",Z0XZ,1TB,SPACE GRAY,Apple (1178578),1012045951,2020-11-27T16:35:46Z,,Kandji,2023-01-25T10:08:10Z
C02DR8R5MD6R,C02DR8R5MD6R,Mac,"MacBook Pro (16-inch, 2019)",Z0XZ,1TB,SPACE GRAY,Apple (1178578),1012045951,2020-11-27T16:29:22Z,,Kandji,2023-01-17T11:56:30Z
C02DV88UMD6R,C02DV88UMD6R,Mac,"MacBook Pro (16-inch, 2019)",Z0XZ,1TB,SPACE GRAY,Apple (1178578),1012214815,2020-12-12T15:52:37Z,,Kandji,2023-03-08T15:15:42Z
C02F20JVQ6LR,C02F20JVQ6LR,Mac,MacBook Air,Z124,512GB,SPACE GRAY,Apple (1178578),1012341340,2021-01-19T03:59:58Z,,Kandji,2023-01-16T13:02:50Z
C02F31KLQ05N,C02F31KLQ05N,Mac,"MacBook Pro 13""",Z11B,1TB,SPACE GRAY,Apple (1178578),1012299472,2021-01-14T04:31:54Z,,Kandji,2023-09-05T09:57:29Z
C02F438SQ05N,C02F438SQ05N,Mac,"MacBook Pro 13""",Z11B,1TB,SPACE GRAY,Apple (1178578),1012395408,2021-01-22T16:03:47Z,,Kandji,2023-02-06T09:33:24Z
C02F63PQQ05N,C02F63PQQ05N,Mac,"MacBook Pro 13""",Z11B,1TB,SPACE GRAY,Apple (1178578),1012507908,2021-02-04T04:33:34Z,,Kandji,2023-01-17T13:32:49Z
C02FG1CWMD6R,C02FG1CWMD6R,Mac,"MacBook Pro (16-inch, 2019)",Z0XZ,1TB,SPACE GRAY,Apple (1178578),1014184374,2021-03-25T03:19:37Z,,Kandji,2023-04-27T11:56:43Z
C02FQ3KYMD6T,C02FQ3KYMD6T,Mac,"MacBook Pro (16-inch, 2019)",Z0Y0,1TB,SPACE GRAY,Apple (1178578),1014544387,2021-05-27T03:44:02Z,,Kandji,2023-03-08T15:16:04Z
C02FW1DFMD6T,C02FW1DFMD6T,Mac,"MacBook Pro (16-inch, 2019)",Z0Y0,1TB,SPACE GRAY,Apple (1178578),1014676427,2021-06-18T03:33:08Z,,Kandji,2023-01-25T15:24:15Z
C02G24NBMD6R,C02G24NBMD6R,Mac,"MacBook Pro (16-inch, 2019)",Z0XZ,1TB,SPACE GRAY,Apple (1178578),1014826898,2021-07-13T03:40:05Z,,Kandji,2023-01-17T09:07:38Z
C02G31GUMD6R,C02G31GUMD6R,Mac,"MacBook Pro (16-inch, 2019)",Z0XZ,1TB,SPACE GRAY,Apple (1178578),1014826898,2021-07-14T03:47:52Z,,Kandji,2023-01-17T11:02:19Z
C02G56BMMD6R,C02G56BMMD6R,Mac,"MacBook Pro (16-inch, 2019)",Z0XZ,1TB,SPACE GRAY,Apple (1178578),1014954340,2021-08-06T03:53:52Z,,Kandji,2023-01-18T09:03:59Z
C02G88CBMD6R,C02G88CBMD6R,Mac,"MacBook Pro (16-inch, 2019)",Z0XZ,1TB,SPACE GRAY,Apple (1178578),1015045533,2021-08-24T03:39:20Z,,Kandji,2023-01-18T11:55:41Z
C02G88W0MD6R,C02G88W0MD6R,Mac,"MacBook Pro (16-inch, 2019)",Z0XZ,1TB,SPACE GRAY,Apple (1178578),1015045533,2021-08-24T03:37:53Z,,Kandji,2023-03-08T15:16:16Z
C02G921AQ05N,C02G921AQ05N,Mac,"MacBook Pro 13""",Z11B,1TB,SPACE GRAY,Apple (1178578),1015080526,2021-08-27T03:50:24Z,,Kandji,2023-04-14T11:25:31Z
C02GJ0Y3MD6T,C02GJ0Y3MD6T,Mac,"MacBook Pro (16-inch, 2019)",Z0Y0,1TB,SPACE GRAY,Apple (1178578),1015349937,2021-10-11T03:49:59Z,,Kandji,2023-01-23T09:05:26Z
C02XJ10JJGH5,C02XJ10JJGH5,Mac,"MacBook Pro 15""",Z0V0,1TB,SPACE GRAY,Apple (1178578),1008310465,2018-10-11T04:04:22Z,,Kandji,2023-03-08T15:11:21Z
C02Y4133JGH6,C02Y4133JGH6,Mac,"MacBook Pro 15""",Z0V1,1TB,SPACE GRAY,Apple (1178578),1008802949,2019-01-24T03:40:50Z,,Kandji,2023-09-05T09:57:05Z
C02Y4134JGH6,C02Y4134JGH6,Mac,"MacBook Pro 15""",Z0V1,1TB,SPACE GRAY,Apple (1178578),1008802949,2019-01-24T04:02:37Z,,Kandji,2023-09-05T09:57:11Z
C02Y417TJGH6,C02Y417TJGH6,Mac,"MacBook Pro 15""",Z0V1,1TB,SPACE GRAY,Apple (1178578),1008802949,2019-01-24T03:34:13Z,,Kandji,2023-03-08T15:08:14Z
C02YD2UZJGH6,C02YD2UZJGH6,Mac,"MacBook Pro 15""",Z0V1,1TB,SPACE GRAY,Apple (1178578),1009046508,2019-03-18T07:50:02Z,,Kandji,2023-09-05T09:57:18Z
C02Z22QWLVDQ,C02Z22QWLVDQ,Mac,"MacBook Pro 15""",Z0WV,512GB,SPACE GRAY,Apple (1178578),1009583151,2019-07-13T03:24:00Z,,Kandji,2023-03-08T15:13:42Z
C02ZN1SZLVDL,C02ZN1SZLVDL,Mac,"MacBook Pro 13""",Z0WQ,512GB,SPACE GRAY,Apple (1178578),1010156562,2019-11-08T04:55:31Z,,Kandji,2023-09-05T09:57:34Z
C07Z11JCJYW0,C07Z11JCJYW0,Mac,Mac mini,Z0W2,256GB,SPACE GRAY,Apple (1178578),1009546817,2019-07-05T03:33:41Z,,Kandji,2023-09-05T09:57:59Z
CT6KCWT4KT,CT6KCWT4KT,Mac,"MacBook Pro 16""",Z14X,4TB,SPACE GRAY,Apple (1178578),1018223165,2022-12-16T03:28:23Z,,Kandji,2022-12-16T03:28:23Z
CYPWR0GQPJ,CYPWR0GQPJ,Mac,"MacBook Pro 16""",Z14X,2TB,SPACE GRAY,Apple (1178578),1017069323,2022-07-16T07:31:32Z,,Kandji,2023-03-08T15:10:24Z
FVFGF12GQ05R,FVFGF12GQ05R,Mac,"MacBook Pro 13""",Z11F,1TB,SILVER,Apple (1178578),1015217584,2021-09-18T04:30:33Z,,Kandji,2023-01-17T14:53:10Z
FVFGT0SGQ05P,FVFGT0SGQ05P,Mac,"MacBook Pro 13""",Z11C,1TB,SPACE GRAY,Apple (1178578),1015833800,2021-12-02T15:32:58Z,,Kandji,2023-02-07T11:51:32Z
FVFY31ZEHV2H,FVFY31ZEHV2H,Mac,"MacBook Pro 13""",Z0UK,256GB,SPACE GRAY,Apple (1178578),1008831802,2019-01-25T04:11:05Z,,Kandji,2023-09-05T09:57:39Z
G12F2R3T1Q,G12F2R3T1Q,Mac,"MacBook Pro (16-inch, Nov 2023)",MRW33LL/A,1TB,SPACE BLACK,Apple (1178578),AAA1674576,2024-03-11T17:24:56Z,,Kandji,2024-03-11T17:24:56Z
G5709HVJRX,G5709HVJRX,Mac,"MacBook Pro (16-inch, 2023)",MNWA3LL/A,1TB,SPACE GRAY,Apple (1178578),AAA0961376,2023-11-03T05:36:01Z,,Kandji,2023-11-03T05:36:01Z
H2WDV08CQ6P0,H2WDV08CQ6P0,Mac,Mac mini,Z12P,1TB,SILVER,Apple (1178578),1012076455,2020-12-10T04:28:34Z,,Kandji,2023-01-19T10:33:55Z
H2WFH0TSQ6P0,H2WFH0TSQ6P0,Mac,Mac mini,Z12P,1TB,SILVER,Apple (1178578),1014230023,2021-04-01T03:39:03Z,,Kandji,2023-09-05T09:56:13Z
H2XPV7224G,H2XPV7224G,Mac,"MacBook Pro 14""",Z15H,1TB,SPACE GRAY,Apple (1178578),1016505363,2022-05-23T03:19:41Z,,Kandji,2023-05-17T11:44:37Z
JCF5C39TDR,JCF5C39TDR,Mac,"MacBook Pro (16-inch, Nov 2023)",MRW13LL/A,512GB,SPACE BLACK,Apple (1178578),AAA1121488,2023-11-28T14:39:55Z,,Kandji,2023-11-28T14:39:55Z
KM9X006WF3,KM9X006WF3,Mac,"MacBook Pro 16""",Z14X,1TB,SPACE GRAY,Apple (1178578),1018214254,2022-12-15T07:24:01Z,,Kandji,2022-12-15T07:24:01Z
LHQRXQG7G9,LHQRXQG7G9,Mac,"MacBook Pro 14""",MKGQ3LL/A,1TB,SPACE GRAY,Apple (1178578),1016007742,2022-01-14T15:23:04Z,,Kandji,2023-05-25T12:15:26Z
LLQLMXQT92,LLQLMXQT92,Mac,"MacBook Pro (16-inch, Nov 2023)",MRW33LL/A,1TB,SPACE BLACK,Apple (1178578),AAA1228962,2023-12-13T22:29:32Z,,Kandji,2023-12-13T22:29:32Z
LX24T62NHX,LX24T62NHX,Mac,"MacBook Pro 16""",Z14W,1TB,SPACE GRAY,Apple (1178578),1016785397,2022-05-24T05:24:36Z,,Kandji,2023-01-17T10:22:20Z
LXHWK4XQ45,LXHWK4XQ45,Mac,"MacBook Pro (16-inch, Nov 2023)",MRW33LL/A,1TB,SPACE BLACK,Apple (1178578),AAA1401752,2024-01-19T20:18:43Z,,Kandji,2024-01-19T20:18:43Z
Q44T005942,Q44T005942,Mac,"MacBook Pro 14""",MKGQ3LL/A,1TB,SPACE GRAY,Apple (1178578),1018312577,2022-12-28T11:16:49Z,,Kandji,2022-12-28T11:16:49Z
QCQJNLXVQ7,QCQJNLXVQ7,Mac,"MacBook Pro (14-inch, 2023)",MPHE3LL/A,512GB,SPACE GRAY,Apple (1178578),AAA0101157,2023-05-25T15:20:47Z,,Kandji,2023-05-25T15:20:47Z
RW9YV6KF79,RW9YV6KF79,Mac,"MacBook Pro 14""",MKGQ3LL/A,1TB,SPACE GRAY,Apple (1178578),1015983987,2022-01-12T15:22:58Z,,Kandji,2023-01-16T11:39:03Z
T5973H7V56,T5973H7V56,Mac,"MacBook Pro 16""",Z14W,2TB,SPACE GRAY,Apple (1178578),1017899111,2022-10-21T05:28:49Z,,Kandji,2023-03-08T15:07:32Z
V40F9RPXLF,V40F9RPXLF,Mac,"MacBook Pro 16""",Z14W,1TB,SPACE GRAY,Apple (1178578),1015974588,2022-01-11T15:55:21Z,,Kandji,2023-04-20T13:06:52Z
V52FF49NT7,V52FF49NT7,Mac,"MacBook Pro 16""",Z14W,1TB,SPACE GRAY,Apple (1178578),1015974588,2022-01-11T15:27:42Z,,Kandji,2023-03-07T12:58:38Z
W39JTQN4NH,W39JTQN4NH,Mac,"MacBook Pro 16""",Z14X,2TB,SPACE GRAY,Apple (1178578),1018312578,2022-12-31T03:11:22Z,,Kandji,2022-12-31T03:11:22Z
WJXNKF9C5J,WJXNKF9C5J,Mac,"MacBook Pro 14""",Z15H,1TB,SPACE GRAY,Apple (1178578),1016559973,2022-05-23T03:21:35Z,,Kandji,2023-01-17T14:02:08Z
X90DH2Q453,X90DH2Q453,Mac,"MacBook Pro 14""",Z15G,512GB,SPACE GRAY,Apple (1178578),1016025606,2022-01-14T03:37:11Z,,Kandji,2023-01-25T15:23:53Z
Y9DJWCQW4M,Y9DJWCQW4M,Mac,"MacBook Pro 14""",Z15H,1TB,SPACE GRAY,Apple (1178578),1016570521,2022-05-23T05:32:33Z,,Kandji,2023-02-23T08:29:11Z
YJ9FPKJK29,YJ9FPKJK29,Mac,"MacBook Pro 14""",Z15H,1TB,SPACE GRAY,Apple (1178578),1015560175,2021-11-20T04:00:50Z,,Kandji,2023-01-17T11:17:38Z
YJWXJPJQF6,YJWXJPJQF6,Mac,"MacBook Pro 14""",Z15H,1TB,SPACE GRAY,Apple (1178578),1015560175,2021-11-20T03:28:20Z,,Kandji,2023-03-02T10:49:07Z
YPN2HH0XPD,YPN2HH0XPD,Mac,"MacBook Pro 16""",Z14W,1TB,SPACE GRAY,Apple (1178578),1015560169,2021-11-22T03:51:09Z,,Kandji,2023-03-08T15:11:10Z
YPT9W2M770,YPT9W2M770,Mac,"MacBook Pro 16""",Z14W,1TB,SPACE GRAY,Apple (1178578),1015560169,2021-11-22T03:54:04Z,,Kandji,2023-01-27T09:09:23Z
H2WGL1AEQ6P0,H2WGL1AEQ6P0,Mac,Mac mini,Z12P,2TB,SILVER,Manually Added|Apple Configurator,CE-2021-11-09-11-18-23-337,2021-11-09T13:18:23Z,,Addigy,2024-03-14T10:43:29Z
H2WGL1AFQ6P0,H2WGL1AFQ6P0,Mac,Mac mini,Z12P,2TB,SILVER,Manually Added|Apple Configurator,CE-2021-11-09-10-25-17-839,2021-11-09T12:25:17Z,,Addigy,2024-03-14T10:43:29Z
H2WGL1F1Q6P0,H2WGL1F1Q6P0,Mac,Mac mini,Z12P,2TB,SILVER,Manually Added|Apple Configurator,CE-2021-11-09-09-46-06-927,2021-11-09T11:46:06Z,,Addigy,2024-03-14T10:43:29Z
H2WGL1F2Q6P0,H2WGL1F2Q6P0,Mac,Mac mini,Z12P,2TB,SILVER,Manually Added|Apple Configurator,CE-2021-11-09-11-20-41-384,2021-11-09T13:20:41Z,,Addigy,2024-03-14T10:43:29Z
H2WGM0F6Q6P0,H2WGM0F6Q6P0,Mac,Mac mini,Z12P,2TB,SILVER,Manually Added|Apple Configurator,CE-2021-11-09-10-57-57-068,2021-11-09T12:57:57Z,,Addigy,2024-03-14T10:43:29Z
C02H910SQ05D,C02H910SQ05D,Mac,"MacBook Pro 13""",MYD82LL/A,256GB,SPACE GRAY,Manually Added|Apple Configurator,CE-2023-02-15-08-54-12-274,2023-02-15T10:54:12Z,Kandji MDM Server,2023-02-15T10:55:20Z,
C02HC6RKQ05D,C02HC6RKQ05D,Mac,"MacBook Pro 13""",MYD82LL/A,256GB,SPACE GRAY,Manually Added|Apple Configurator,CE-2023-02-15-08-44-53-082,2023-02-15T10:44:53Z,Kandji MDM Server,2023-02-15T10:54:04Z,
FVFJ19KBQ05D,FVFJ19KBQ05D,Mac,"MacBook Pro 13""",MYD82LL/A,256GB,SPACE GRAY,Manually Added|Apple Configurator,CE-2023-02-15-08-54-36-077,2023-02-15T10:54:36Z,Kandji MDM Server,2023-02-15T10:55:11Z,
C02XW10RJ1GQ,C02XW10RJ1GQ,Mac,"iMac 27""",Z0TR,2TB,SILVER,Apple (1243169),1008689403,2018-12-25T03:52:21Z,,Kandji,2023-02-28T10:02:12Z
C02XW10SJ1GQ,C02XW10SJ1GQ,Mac,"iMac 27""",Z0TR,2TB,SILVER,Apple (1243169),1008689403,2018-12-22T04:00:18Z,,Kandji,2023-02-28T10:02:12Z
FPD97JQ46C,FPD97JQ46C,Mac,Mac Studio (2022),Z14K,8TB,SILVER,Apple (1243169),1016958880,2022-07-09T03:15:22Z,,Kandji,2023-02-28T10:02:12Z
FQQJW0MQ93,FQQJW0MQ93,Mac,Mac mini (2023),Z170,2TB,SILVER,Apple (1243169),AAA1007645,2023-11-10T04:39:37Z,,Kandji,2023-11-10T04:39:37Z
H2WHQ0DPQ6P0,H2WHQ0DPQ6P0,Mac,Mac mini,Z12P,512GB,SILVER,Apple (1243169),1016958880,2022-05-20T03:28:50Z,,Kandji,2023-02-28T10:02:12Z
J1GHWD2LYV,J1GHWD2LYV,Mac,Mac mini (2023),Z170,2TB,SILVER,Apple (1243169),AAA1007647,2023-11-10T04:36:57Z,,Kandji,2023-11-10T04:36:57Z
L00NX0703N,L00NX0703N,Mac,Mac Studio (2022),Z14K,8TB,SILVER,Apple (1243169),1016958880,2022-07-09T03:10:47Z,,Kandji,2023-02-28T10:02:12Z
L52Q2W2RM2,L52Q2W2RM2,Mac,"MacBook Air 15""",Z18S,2TB,STARLIGHT,Apple (1243169),AAA1259151,2023-12-22T04:38:42Z,,Kandji,2023-12-22T04:38:42Z
PMW0CRH4Q0,PMW0CRH4Q0,Mac,Mac Studio (2022),Z14K,8TB,SILVER,Apple (1243169),1016958880,2022-07-09T03:13:19Z,,Kandji,2023-02-28T10:02:12Z
Q1P4LX244Y,Q1P4LX244Y,Mac,Mac Studio (2022),Z14K,8TB,SILVER,Apple (1243169),1016958880,2022-07-09T03:12:53Z,,Kandji,2023-02-28T10:02:12Z
T29QYNVQC0,T29QYNVQC0,Mac,Mac Studio (2022),Z14K,8TB,SILVER,Apple (1243169),1016958880,2022-07-09T03:11:58Z,,Kandji,2023-02-28T10:02:12Z
VR9YKX41NQ,VR9YKX41NQ,Mac,Mac mini (2023),MMFK3LL/A,512GB,SILVER,Manually Added|Apple Configurator,CE-2023-02-28-08-11-04-454,2023-02-28T10:11:04Z,,Kandji,2023-02-28T10:26:59Z
C7D3QT0LCW,C7D3QT0LCW,Mac,"MacBook Pro 16""",MK1A3LL/A,1TB,SPACE GRAY,SEWELLTECH (4FB5090),IM202212012,2022-12-03T08:27:31Z,,Kandji,2023-05-18T14:08:13Z
D5W4C2L4GK,D5W4C2L4GK,Mac,"MacBook Pro 16""",MK1A3LL/A,1TB,SPACE GRAY,SEWELLTECH (4FB5090),IM202208114,2022-08-13T08:16:23Z,,Kandji,2023-05-18T14:04:47Z
FYK219V4W9,FYK219V4W9,Mac,MacBook Air,Z15T,512GB,SPACE GRAY,Apple (1657474),AAA1188566,2023-12-09T04:24:36Z,,Kandji,2023-12-15T12:38:43Z
H3WYGJC2NW,H3WYGJC2NW,Mac,MacBook Air,Z15T,512GB,SPACE GRAY,Apple (1657474),AAA1188566,2023-12-09T04:28:17Z,,Kandji,2023-12-09T04:28:17Z
H6NKMH2Q26,H6NKMH2Q26,Mac,MacBook Air,Z15T,512GB,SPACE GRAY,Apple (1657474),AAA0727854,2023-09-23T05:00:46Z,,Kandji,2023-09-23T05:00:46Z
J6LWPQ21T0,J6LWPQ21T0,Mac,MacBook Air,Z15S,Unknown,SPACE GRAY,SEWELLTECH (4FB5090),IM202212134,2022-12-20T09:32:52Z,,Kandji,2023-05-18T12:18:00Z
KMFPX269FQ,KMFPX269FQ,Mac,MacBook Air,Z15T,512GB,SPACE GRAY,Apple (1657474),AAA1188566,2023-12-09T04:26:35Z,,Kandji,2023-12-09T04:26:35Z
LNHWQPG7RD,LNHWQPG7RD,Mac,MacBook Air,Z15S,Unknown,SPACE GRAY,SEWELLTECH (4FB5090),IM202212134,2022-12-20T09:32:54Z,,Kandji,2023-05-18T12:57:49Z
M6X1PC9HQ1,M6X1PC9HQ1,Mac,"MacBook Air (13-inch, M3, 2024)",MT2A3LL/A,512GB,SPACE GRAY,Apple (1657474),AAA1702486,2024-03-15T15:46:07Z,,Kandji,2024-03-15T15:46:07Z
MYVC2J6J7K,MYVC2J6J7K,Mac,MacBook Air,Z15S,Unknown,SPACE GRAY,SEWELLTECH (4FB5090),IM202212134-1,2023-01-10T09:30:59Z,,Kandji,2023-05-18T12:18:27Z
PW5TGWW9VW,PW5TGWW9VW,Mac,MacBook Air,Z15S,Unknown,SPACE GRAY,SEWELLTECH (4FB5090),IM202304211-1,2023-04-27T13:34:24Z,,Kandji,2023-05-18T15:56:28Z
Q14HDXQ4KQ,Q14HDXQ4KQ,Mac,MacBook Air,Z15T,512GB,SPACE GRAY,Apple (1657474),AAA1188566,2023-12-09T04:26:05Z,,Kandji,2023-12-09T04:26:05Z
QWJ77WPCJF,QWJ77WPCJF,Mac,MacBook Air,Z15S,Unknown,SPACE GRAY,SEWELLTECH (4FB5090),IM202212134,2022-12-20T09:32:54Z,,Kandji,2023-05-23T13:48:45Z
TJC9XJWQ94,TJC9XJWQ94,Mac,"MacBook Pro 16""",MK1A3LL/A,1TB,SPACE GRAY,SEWELLTECH (4FB5090),IM202212012,2022-12-03T08:27:32Z,,Kandji,2023-05-26T12:33:12Z
TW32MMW4Y1,TW32MMW4Y1,Mac,MacBook Air,Z15T,512GB,SPACE GRAY,Apple (1657474),AAA1188566,2023-12-09T04:26:48Z,,Kandji,2023-12-09T04:26:48Z
TXYYPX9RWF,TXYYPX9RWF,Mac,MacBook Air,Z15S,Unknown,SPACE GRAY,SEWELLTECH (4FB5090),IM202212134,2022-12-20T09:32:55Z,,Kandji,2023-05-18T12:18:41Z
V0X26DT2TL,V0X26DT2TL,Mac,"MacBook Pro (16-inch, 2023)",MNWA3LL/A,1TB,SPACE GRAY,Manually Added|Apple Configurator,CE-2023-05-22-01-09-23-502,2023-05-22T15:09:23Z,,Kandji,2023-05-22T15:12:10Z
WFTGXWJJTV,WFTGXWJJTV,Mac,MacBook Air,Z15S,Unknown,SPACE GRAY,SEWELLTECH (4FB5090),IM202304211-1,2023-04-27T13:34:25Z,,Kandji,2023-05-18T14:51:58Z
Y2KWM3P222,Y2KWM3P222,Mac,MacBook Air,Z15S,Unknown,SPACE GRAY,SEWELLTECH (4FB5090),IM202212134,2022-12-20T09:32:53Z,,Kandji,2023-12-19T08:41:06Z
C02FR00VQ05N,C02FR00VQ05N,Mac,"MacBook Pro 13""",Z11B,512GB,SPACE GRAY,Apple (1129005),1014542153,2021-06-09T17:26:56Z,,Kandji,2022-11-10T09:02:26Z
C02FV4GCQ05N,C02FV4GCQ05N,Mac,"MacBook Pro 13""",Z11B,1TB,SPACE GRAY,Apple (1129005),1014642417,2021-06-12T15:19:34Z,,Kandji,2022-11-10T09:46:11Z
C02FV7V8Q05N,C02FV7V8Q05N,Mac,"MacBook Pro 13""",Z11B,512GB,SPACE GRAY,Apple (1129005),1014651412,2021-06-15T03:35:28Z,,Kandji,2022-11-10T10:50:04Z
C02FX0K5Q05R,C02FX0K5Q05R,Mac,"MacBook Pro 13""",Z11F,512GB,SILVER,Apple (1129005),1014784514,2021-07-07T03:38:15Z,,Kandji,2022-11-10T10:17:50Z
C02G33U0Q05N,C02G33U0Q05N,Mac,"MacBook Pro 13""",Z11B,512GB,SPACE GRAY,Apple (1129005),1014839117,2021-07-16T03:58:58Z,,Kandji,2022-11-10T14:59:58Z
C02G33XZQ05N,C02G33XZQ05N,Mac,"MacBook Pro 13""",Z11B,512GB,SPACE GRAY,Apple (1129005),1014839115,2021-07-16T03:37:46Z,,Kandji,2022-11-10T10:02:16Z
C02G73ZAQ05N,C02G73ZAQ05N,Mac,"MacBook Pro 13""",Z11B,512GB,SPACE GRAY,Apple (1129005),1015000997,2021-08-13T03:45:49Z,,Kandji,2022-11-10T09:53:58Z
C02ZV036LVDM,C02ZV036LVDM,Mac,"MacBook Pro 13""",Z0WR,512GB,SPACE GRAY,Apple (1129005),1010340617,2021-06-09T17:26:58Z,,Kandji,2023-04-13T17:03:17Z
F2N5YQ6YC7,F2N5YQ6YC7,Mac,"MacBook Air 15""",Z18N,512GB,SPACE GRAY,Apple (1129005),AAA1354381,2024-01-16T04:33:20Z,,Kandji,2024-01-16T04:33:20Z
F5KKD007K7GF,F5KKD007K7GF,Mac,Mac Pro,Z0W3,2TB,SILVER,Apple (1129005),1018718620,2023-03-15T15:09:54Z,,Kandji,2023-03-15T15:09:54Z
FVFGH0KJQ05R,FVFGH0KJQ05R,Mac,"MacBook Pro 13""",Z11F,512GB,SILVER,Apple (1129005),1015317531,2021-09-30T03:48:21Z,,Kandji,2022-11-10T10:07:35Z
H4TG20GXQ6X8,H4TG20GXQ6X8,Mac,"iMac (24-inch, M1, 2021)",Z12W,1TB,BLUE,Apple (1129005),1014692795,2021-07-09T03:33:08Z,,Kandji,2022-11-10T10:46:11Z
H4TG20PFQ6X8,H4TG20PFQ6X8,Mac,"iMac (24-inch, M1, 2021)",Z12W,1TB,BLUE,Apple (1129005),1014642408,2021-07-09T03:45:05Z,,Kandji,2022-11-10T10:23:29Z
H4TG726FQ6X3,H4TG726FQ6X3,Mac,"iMac (24-inch, M1, 2021)",Z12R,512GB,SILVER,Apple (1129005),1015001409,2021-08-18T03:47:34Z,,Kandji,2022-11-10T10:41:12Z
H4TGK0SJQ6X3,H4TGK0SJQ6X3,Mac,"iMac (24-inch, M1, 2021)",Z12R,1TB,SILVER,Apple (1129005),1015317532,2021-10-18T15:32:50Z,,Kandji,2022-11-10T10:35:05Z
H4TGP1BCQ6X9,H4TGP1BCQ6X9,Mac,"iMac (24-inch, M1, 2021)",Z12X,1TB,BLUE,Apple (1129005),1015643831,2021-11-18T15:55:02Z,,Kandji,2022-11-10T10:56:16Z
H4TGP1JVQ6X3,H4TGP1JVQ6X3,Mac,"iMac (24-inch, M1, 2021)",Z12R,1TB,SILVER,Apple (1129005),1015643831,2021-11-18T15:36:06Z,,Kandji,2022-11-10T10:25:06Z
H4TK902WQ6X8,H4TK902WQ6X8,Mac,"iMac (24-inch, M1, 2021)",Z12W,1TB,BLUE,Apple (1129005),1018648372,2023-03-02T03:24:19Z,,Kandji,2023-03-02T03:24:19Z
C02D14PPMD6R,C02D14PPMD6R,Mac,"MacBook Pro (16-inch, 2019)",Z0XZ,1TB,SPACE GRAY,Apple (1014474),1011276981,2020-07-03T03:59:10Z,,Kandji,2023-01-26T11:40:42Z
C02VK0QFHV2T,C02VK0QFHV2T,Mac,"MacBook Pro 13""",Z0UP,1TB,SILVER,Apple (1014474),1006843632,2018-01-12T08:33:17Z,,Kandji,2023-01-26T11:40:42Z
C02W20QTHX8F,C02W20QTHX8F,Mac,iMac Pro,Z0UR,2TB,SPACE GRAY,Apple (1014474),1007183128,2018-01-12T08:33:16Z,,Kandji,2023-01-26T11:40:42Z
C07SN0TJG1J2,C07SN0TJG1J2,Mac,Mac mini,Z0R8,512GB,SILVER,Apple (1014474),1005488598,2018-01-12T08:33:17Z,,Kandji,2023-01-26T11:40:42Z
C07T30WYG1J1,C07T30WYG1J1,Mac,Mac mini,Z0R7,256GB,SILVER,Apple (1014474),1005789769,2018-01-12T08:33:16Z,,Kandji,2023-01-26T11:40:42Z
C07T605DG1J2,C07T605DG1J2,Mac,Mac mini,Z0R8,1TB,SILVER,Apple (1014474),1005874039,2018-01-12T08:33:16Z,,Kandji,2023-01-26T11:40:42Z
C07T605FG1J2,C07T605FG1J2,Mac,Mac mini,Z0R8,1TB,SILVER,Apple (1014474),1005874039,2018-01-12T08:33:15Z,,Kandji,2023-01-26T11:40:42Z
C07YW26NJYW0,C07YW26NJYW0,Mac,Mac mini,Z0W2,2TB,SPACE GRAY,Apple (1014474),2849566475,2019-06-25T04:21:16Z,,Kandji,2023-01-26T11:40:42Z
DL2D7P79C4,DL2D7P79C4,Mac,Mac Studio (2022),Z14J,2TB,SILVER,Apple (1014474),1017741501,2022-09-29T05:35:08Z,,Kandji,2023-01-26T11:40:42Z
GFQTH30YYT,GFQTH30YYT,Mac,Mac mini (2023),Z16L,512GB,SILVER,Apple (1014474),AAA0903235,2023-10-21T05:30:29Z,,Kandji,2023-10-21T05:30:29Z
H2WJ10CMQ6P0,H2WJ10CMQ6P0,Mac,Mac mini,Z12P,1TB,SILVER,Apple (1014474),1017181328,2022-07-01T03:23:51Z,,Kandji,2023-01-26T11:40:42Z
H2WJH0G3Q6NY,H2WJH0G3Q6NY,Mac,Mac mini,Z12N,512GB,SILVER,Apple (1014474),1017741501,2022-09-29T05:40:58Z,,Kandji,2023-01-26T11:40:42Z
H2WJH0G8Q6NY,H2WJH0G8Q6NY,Mac,Mac mini,Z12N,512GB,SILVER,Apple (1014474),1017741501,2022-09-29T05:43:03Z,,Kandji,2023-01-26T11:40:42Z
KJJX1G3H5F,KJJX1G3H5F,Mac,Mac mini (2023),Z16L,512GB,SILVER,Apple (1014474),AAA0903235,2023-10-21T05:26:46Z,,Kandji,2023-10-21T05:26:46Z
KLVHWK06P4,KLVHWK06P4,Mac,"MacBook Air 15""",Z18P,256GB,SILVER,Apple (1014474),AAA0834205,2023-10-10T05:31:39Z,,Kandji,2023-10-10T05:31:39Z
L69YGH4G6R,L69YGH4G6R,Mac,"MacBook Air 15""",Z18P,256GB,SILVER,Apple (1014474),AAA0834205,2023-10-10T05:43:29Z,,Kandji,2023-10-10T05:43:29Z
MHWKPXC26M,MHWKPXC26M,Mac,"MacBook Pro 16""",Z150,4TB,SILVER,Apple (1014474),1015844498,2022-01-15T03:27:29Z,,Kandji,2023-01-26T11:40:42Z
PXJTJQMP61,PXJTJQMP61,Mac,Mac mini (2023),Z16L,512GB,SILVER,Apple (1014474),AAA0903235,2023-10-21T05:30:23Z,,Kandji,2023-10-21T05:30:23Z
R32X7QM69W,R32X7QM69W,Mac,"MacBook Pro (16-inch, 2023)",MNW83LL/A,512GB,SPACE GRAY,Apple (1014474),1018527296,2023-02-07T11:11:12Z,,Kandji,2023-02-07T11:11:12Z
RV6GH4HQ4H,RV6GH4HQ4H,Mac,Mac mini (2023),Z16L,1TB,SILVER,Apple (1014474),AAA0834205,2023-10-10T05:29:38Z,,Kandji,2023-10-10T05:29:38Z
VCMHGFQFMH,VCMHGFQFMH,Mac,Mac mini (2023),Z16L,512GB,SILVER,Apple (1014474),AAA0903235,2023-10-21T05:34:02Z,,Kandji,2023-10-21T05:34:02Z
C02F2031Q05P,C02F2031Q05P,Mac,"MacBook Pro 13""",Z11C,1TB,SPACE GRAY,Apple (1239252),1012234497,2021-01-06T04:14:27Z,,Kandji,2023-01-25T10:12:20Z
C02FG0QTQ05P,C02FG0QTQ05P,Mac,"MacBook Pro 13""",Z11C,1TB,SPACE GRAY,Apple (1239252),1014173080,2021-03-24T03:32:46Z,,Kandji,2023-01-25T10:36:24Z
C02YQ009LVDL,C02YQ009LVDL,Mac,"MacBook Pro 13""",Z0WQ,256GB,SPACE GRAY,Apple (1239252),1009349165,2019-05-24T03:47:43Z,,Kandji,2023-03-20T07:34:00Z
C02Z708ALVDM,C02Z708ALVDM,Mac,"MacBook Pro 13""",Z0WR,512GB,SPACE GRAY,Apple (1239252),1009712717,2019-08-13T03:43:58Z,,Kandji,2023-01-25T10:15:58Z
FVFGK4VLQ05P,FVFGK4VLQ05P,Mac,"MacBook Pro 13""",Z11C,1TB,SPACE GRAY,Apple (1239252),1015439225,2021-10-16T03:36:22Z,,Kandji,2023-01-25T11:18:48Z
FVFHG319Q6LT,FVFHG319Q6LT,Mac,MacBook Air,Z125,1TB,SPACE GRAY,Apple (1239252),1016640906,2022-03-29T03:30:06Z,,Kandji,2023-01-25T10:59:20Z
FVFHJ0YXQ05P,FVFHJ0YXQ05P,Mac,"MacBook Pro 13""",Z11C,1TB,SPACE GRAY,Apple (1239252),1016640906,2022-04-11T03:22:24Z,,Kandji,2023-03-20T07:33:45Z
FVFHJ0Z3Q05P,FVFHJ0Z3Q05P,Mac,"MacBook Pro 13""",Z11C,1TB,SPACE GRAY,Apple (1239252),1016640906,2022-04-11T03:36:09Z,,Kandji,2023-01-25T11:33:31Z
FVFHJ1GHQ05P,FVFHJ1GHQ05P,Mac,"MacBook Pro 13""",Z11C,1TB,SPACE GRAY,Apple (1239252),1016640906,2022-04-11T03:51:21Z,,Kandji,2023-01-25T11:05:44Z
H1G6K67TG4,H1G6K67TG4,Mac,"MacBook Pro 14""",MKGP3LL/A,512GB,SPACE GRAY,Apple (1239252),1017408791,2022-08-08T17:18:17Z,,Kandji,2023-01-25T10:35:14Z
M65H92H65N,M65H92H65N,Mac,"MacBook Pro 13""",Z16S,512GB,SPACE GRAY,Apple (1239252),AAA0008305,2023-05-04T05:11:06Z,,Kandji,2023-05-04T05:11:06Z
QP3KX9FYDT,QP3KX9FYDT,Mac,"MacBook Pro 13""",Z16S,512GB,SPACE GRAY,Apple (1239252),AAA0008317,2023-05-04T05:11:41Z,,Kandji,2023-05-04T05:11:41Z
T24TJL99X3,T24TJL99X3,Mac,"MacBook Pro 13""",Z16S,512GB,SPACE GRAY,Apple (1239252),1017729541,2022-09-27T06:03:20Z,,Kandji,2023-01-25T10:50:20Z
C02CM3ACML7J,C02CM3ACML7J,Mac,"MacBook Pro 13""",MWP52LL/A,1TB,SPACE GRAY,Apple (1305171),1011069942,2021-11-18T12:45:17Z,,Kandji,2022-10-13T12:00:10Z
C02CX30DMD6R,C02CX30DMD6R,Mac,"MacBook Pro (16-inch, 2019)",Z0XZ,1TB,SPACE GRAY,Apple (1305171),1011262223,2021-11-18T12:45:17Z,,Kandji,2022-10-18T09:19:56Z
C02CX3MLMD6R,C02CX3MLMD6R,Mac,"MacBook Pro (16-inch, 2019)",Z0XZ,512GB,SPACE GRAY,Apple (1305171),1011262223,2021-11-18T12:45:18Z,,Kandji,2022-10-13T11:45:22Z
C02D73TKMD6N,C02D73TKMD6N,Mac,"MacBook Pro (16-inch, 2019)",MVVK2LL/A,1TB,SPACE GRAY,Apple (1305171),1012260450,2021-11-18T12:45:19Z,,Kandji,2022-10-13T10:55:41Z
C02F31E4ML7J,C02F31E4ML7J,Mac,"MacBook Pro 13""",MWP52LL/A,1TB,SPACE GRAY,Apple (1305171),1012537702,2021-11-18T12:45:16Z,,Kandji,2022-10-13T13:17:48Z
C02G20RQML7J,C02G20RQML7J,Mac,"MacBook Pro 13""",MWP52LL/A,1TB,SPACE GRAY,Apple (1305171),1014901519,2021-11-18T12:45:18Z,,Kandji,2022-10-13T09:59:53Z
FVFGP009Q05P,FVFGP009Q05P,Mac,"MacBook Pro 13""",Z11C,512GB,SPACE GRAY,Apple (1305171),1015642525,2021-11-18T12:45:15Z,,Kandji,2022-10-14T14:48:27Z
FVFHK1EGQ6LT,FVFHK1EGQ6LT,Mac,MacBook Air,Z125,512GB,SPACE GRAY,Apple (1305171),1016761608,2022-04-15T03:38:12Z,,Kandji,2022-10-13T11:11:24Z
FVFHN2EEQ6LT,FVFHN2EEQ6LT,Mac,MacBook Air,Z125,512GB,SPACE GRAY,Apple (1305171),1016898979,2022-05-09T03:29:16Z,,Kandji,2023-02-28T09:37:33Z
GGY2H4TP9M,GGY2H4TP9M,Mac,"MacBook Pro (16-inch, 2023)",MNW83LL/A,512GB,SPACE GRAY,Apple (1305171),1018434045,2023-01-23T13:11:39Z,,Kandji,2023-01-23T13:11:39Z
GHYC9T00TT,GHYC9T00TT,Mac,"MacBook Pro (14-inch, 2023)",MPHE3LL/A,512GB,SPACE GRAY,Apple (1305171),AAA0596680,2023-09-05T15:14:24Z,,Kandji,2023-09-05T15:14:24Z
HWT929KD9H,HWT929KD9H,Mac,"MacBook Pro (16-inch, 2023)",MNW83LL/A,512GB,SPACE GRAY,Apple (1305171),AAA0370350,2023-07-19T11:17:39Z,,Kandji,2023-07-19T11:17:39Z
HXVYHQ79V9,HXVYHQ79V9,Mac,"MacBook Pro (16-inch, 2023)",MNW83LL/A,512GB,SPACE GRAY,Apple (1305171),AAA0370350,2023-07-19T11:17:40Z,,Kandji,2023-07-19T11:17:40Z
KXCCXDDH4W,KXCCXDDH4W,Mac,"MacBook Pro 14""",Z15G,2TB,SPACE GRAY,Apple (1305171),1015913310,2021-12-27T16:28:16Z,,Kandji,2022-10-13T13:54:40Z
N9X49WH4G2,N9X49WH4G2,Mac,"MacBook Pro 14""",MKGQ3LL/A,1TB,SPACE GRAY,Apple (1305171),1016792434,2022-06-04T15:12:49Z,,Kandji,2022-10-13T10:32:04Z
P52QC26663,P52QC26663,Mac,"MacBook Pro (16-inch, 2023)",MNW83LL/A,512GB,SPACE GRAY,Apple (1305171),AAA0561199,2023-08-28T15:10:00Z,,Kandji,2023-08-28T15:10:00Z
Q4F5Q4LGQF,Q4F5Q4LGQF,Mac,"MacBook Pro (16-inch, 2023)",MNW83LL/A,512GB,SPACE GRAY,Apple (1305171),AAA0370350,2023-07-19T11:18:16Z,,Kandji,2023-07-19T11:18:16Z
R3W4L4GY1F,R3W4L4GY1F,Mac,"MacBook Pro (16-inch, 2023)",MNW83LL/A,512GB,SPACE GRAY,Apple (1305171),1018483351,2023-01-30T17:12:20Z,,Kandji,2023-01-30T17:12:20Z
TH47W6722F,TH47W6722F,Mac,"MacBook Pro (16-inch, 2023)",MNW83LL/A,512GB,SPACE GRAY,Apple (1305171),1018465401,2023-01-26T19:17:22Z,,Kandji,2023-01-26T19:17:22Z
VJLVQV2JYL,VJLVQV2JYL,Mac,"MacBook Pro (16-inch, 2023)",MNW83LL/A,512GB,SPACE GRAY,Apple (1305171),AAA0370350,2023-07-19T11:17:38Z,,Kandji,2023-07-19T11:17:38Z
W03HN2L6KR,W03HN2L6KR,Mac,"MacBook Pro (16-inch, 2023)",MNW83LL/A,512GB,SPACE GRAY,Apple (1305171),AAA0329522,2023-07-11T11:21:06Z,,Kandji,2023-07-11T11:21:06Z
WTQXCJP6F9,WTQXCJP6F9,Mac,"MacBook Pro 14""",Z15G,2TB,SPACE GRAY,Apple (1305171),1016181539,2022-02-07T04:00:44Z,,Kandji,2022-10-13T11:51:22Z
X992D0Q06Y,X992D0Q06Y,Mac,"MacBook Pro 13""",Z16S,512GB,SPACE GRAY,Apple (1305171),1018215450,2022-12-13T03:24:42Z,,Kandji,2022-12-13T03:24:42Z
XJCQC7Q49G,XJCQC7Q49G,Mac,"MacBook Pro (16-inch, 2023)",MNW83LL/A,512GB,SPACE GRAY,Apple (1305171),AAA0370350,2023-07-19T11:17:28Z,,Kandji,2023-07-19T11:17:28Z
C02DX2SDMD6T,C02DX2SDMD6T,Mac,"MacBook Pro (16-inch, 2019)",Z0Y0,2TB,SPACE GRAY,Apple (1247140),1012327086,2022-11-18T12:25:31Z,,Kandji,2022-11-21T12:08:10Z
C02G3B72MD6M,C02G3B72MD6M,Mac,"MacBook Pro (16-inch, 2019)",MVVJ2LL/A,512GB,SPACE GRAY,Apple (1247140),1015155438,2022-11-18T12:25:30Z,,Kandji,2022-11-21T12:08:10Z
C02Z90NBJV3X,C02Z90NBJV3X,Mac,"iMac 27""",Z0VQ,256GB,SILVER,Apple (1247140),1009785665,2022-11-18T12:25:32Z,,Kandji,2022-11-21T12:08:10Z
C02Z90TFJV3X,C02Z90TFJV3X,Mac,"iMac 27""",Z0VQ,256GB,SILVER,Apple (1247140),1009785665,2022-11-18T12:25:29Z,,Kandji,2022-11-21T12:08:10Z
FVFGG2K8Q05F,FVFGG2K8Q05F,Mac,"MacBook Pro 13""",MYD92LL/A,512GB,SPACE GRAY,Apple (1247140),1015550646,2022-11-18T12:25:31Z,,Kandji,2022-11-21T12:08:10Z
H4TL80CPQ6X3,H4TL80CPQ6X3,Mac,"iMac (24-inch, M1, 2021)",Z12R,2TB,SILVER,Apple (1247140),AAA0554367,2023-08-26T11:09:24Z,,Kandji,2023-08-26T11:09:24Z
HQTWM047NW,HQTWM047NW,Mac,"MacBook Pro 14""",Z15G,1TB,SPACE GRAY,Apple (1247140),1018389514,2023-01-26T03:15:47Z,,Kandji,2023-01-26T03:15:47Z
J2N54WML6P,J2N54WML6P,Mac,"MacBook Pro 16""",MK193LL/A,1TB,SPACE GRAY,Apple (1247140),1017322773,2022-11-18T12:25:30Z,,Kandji,2022-11-21T12:08:10Z
N99G451XK1,N99G451XK1,Mac,"MacBook Pro 16""",MK193LL/A,1TB,SPACE GRAY,Apple (1247140),1016846273,2022-11-18T12:25:32Z,,Kandji,2022-11-21T12:08:10Z
P6C67WD7NF,P6C67WD7NF,Mac,"MacBook Pro (14-inch, 2023)",Z17G,1TB,SPACE GRAY,Apple (1247140),1018525482,2023-02-09T03:21:35Z,,Kandji,2023-02-09T03:21:35Z
Q6G693P2DP,Q6G693P2DP,Mac,"MacBook Pro 16""",MK193LL/A,1TB,SPACE GRAY,Apple (1247140),1015550646,2022-11-18T12:25:33Z,,Kandji,2022-11-21T12:08:10Z
C02CG4YKMD6R,C02CG4YKMD6R,Mac,"MacBook Pro (16-inch, 2019)",Z0XZ,1TB,SPACE GRAY,Apple (1166840),1010849148,2020-03-30T03:57:25Z,,Kandji,2023-10-30T08:56:03Z
C02H829ZQ05N,C02H829ZQ05N,Mac,"MacBook Pro 13""",Z11B,256GB,SPACE GRAY,Apple (1166840),1016379397,2022-02-19T15:23:34Z,,Kandji,2023-10-30T08:56:03Z
C02H82A1Q05N,C02H82A1Q05N,Mac,"MacBook Pro 13""",Z11B,256GB,SPACE GRAY,Apple (1166840),1016379397,2022-02-19T15:29:39Z,,Kandji,2023-10-30T08:56:03Z
C02H82A2Q05N,C02H82A2Q05N,Mac,"MacBook Pro 13""",Z11B,256GB,SPACE GRAY,Apple (1166840),1016379397,2022-02-19T15:26:09Z,,Kandji,2023-10-30T08:56:03Z
C07W80JVG1J1,C07W80JVG1J1,Mac,Mac mini,Z0R7,256GB,SILVER,Apple (1166840),1007363336,2018-02-24T03:45:11Z,,Meraki,2019-12-04T16:52:30Z
C07XMD3QJYVW,C07XMD3QJYVW,Mac,Mac mini,MRTR2LL/A,128GB,SPACE GRAY,Apple (1166840),1010511599,2020-01-16T16:07:43Z,,Kandji,2023-10-30T08:56:03Z
CK4N9NV4WF,CK4N9NV4WF,Mac,Mac mini (2023),MMFJ3LL/A,256GB,SILVER,Apple (1166840),AAA0013519,2023-05-02T17:18:28Z,,Kandji,2023-10-30T08:56:03Z
FVFCG3DQL413,FVFCG3DQL413,Mac,MacBook Pro with 2 Thunderbolt 3 ports (2019),Z0W4,512GB,SPACE GRAY,Apple (1166840),1010849148,2020-03-30T04:06:20Z,,Kandji,2023-10-30T08:56:03Z
FVFCG3DRL413,FVFCG3DRL413,Mac,MacBook Pro with 2 Thunderbolt 3 ports (2019),Z0W4,512GB,SPACE GRAY,Apple (1166840),1010849148,2020-03-30T03:56:43Z,,Kandji,2023-10-30T08:56:03Z
FVFFQ6DJQ6LR,FVFFQ6DJQ6LR,Mac,MacBook Air,Z124,256GB,SPACE GRAY,Apple (1166840),1014542741,2021-05-26T03:47:45Z,,Kandji,2023-10-30T08:56:03Z
FVFFR0NPQ6LR,FVFFR0NPQ6LR,Mac,MacBook Air,Z124,256GB,SPACE GRAY,Apple (1166840),1014542741,2021-05-26T03:38:14Z,,Kandji,2023-10-30T08:56:03Z
FVFFR52GQ6LR,FVFFR52GQ6LR,Mac,MacBook Air,Z124,256GB,SPACE GRAY,Apple (1166840),1014575020,2021-05-31T04:01:51Z,,Kandji,2023-10-30T08:56:03Z
FVFG4072Q6LR,FVFG4072Q6LR,Mac,MacBook Air,Z124,256GB,SPACE GRAY,Apple (1166840),1014871319,2021-07-21T03:43:35Z,,Kandji,2023-10-30T08:56:03Z
FVFGK0ZVQ6LR,FVFGK0ZVQ6LR,Mac,MacBook Air,Z124,256GB,SPACE GRAY,Apple (1166840),1015414719,2021-10-13T03:56:08Z,,Kandji,2023-10-30T08:56:03Z
FVFGV1D8Q6LR,FVFGV1D8Q6LR,Mac,MacBook Air,Z124,256GB,SPACE GRAY,Apple (1166840),1015896403,2021-12-09T15:34:27Z,,Kandji,2023-10-30T08:56:03Z
H2WDP18RQ6NY,H2WDP18RQ6NY,Mac,Mac mini,Z12N,256GB,SILVER,Apple (1166840),1011977261,2020-11-16T05:27:29Z,,Kandji,2023-10-30T08:56:03Z
H2WDP18VQ6NY,H2WDP18VQ6NY,Mac,Mac mini,Z12N,256GB,SILVER,Apple (1166840),1011977261,2020-11-16T05:25:47Z,,Meraki,2020-11-16T05:25:47Z
H2WDP193Q6NY,H2WDP193Q6NY,Mac,Mac mini,Z12N,256GB,SILVER,Apple (1166840),1011977261,2020-11-16T04:29:30Z,,Kandji,2023-10-30T08:56:03Z
H2WDV0AEQ6NY,H2WDV0AEQ6NY,Mac,Mac mini,Z12N,256GB,SILVER,Apple (1166840),1012190801,2020-12-11T17:03:57Z,,Kandji,2023-10-30T08:56:03Z
H2WFC3J3Q6NV,H2WFC3J3Q6NV,Mac,Mac mini,MGNR3LL/A,256GB,SILVER,Apple (1166840),1014133691,2021-03-13T15:28:47Z,,Kandji,2023-10-30T08:56:03Z
H2WG4090Q6NY,H2WG4090Q6NY,Mac,Mac mini,Z12N,256GB,SILVER,Apple (1166840),1014871319,2021-07-21T03:54:32Z,,Kandji,2023-10-30T08:56:03Z
H2WG4093Q6NY,H2WG4093Q6NY,Mac,Mac mini,Z12N,256GB,SILVER,Apple (1166840),1014871319,2021-07-21T03:51:03Z,,Kandji,2023-10-30T08:56:03Z
H2WG40A1Q6NY,H2WG40A1Q6NY,Mac,Mac mini,Z12N,256GB,SILVER,Apple (1166840),1014871319,2021-07-21T03:48:26Z,,Kandji,2023-10-30T08:56:03Z
H2WGQ01SQ6NY,H2WGQ01SQ6NY,Mac,Mac mini,Z12N,256GB,SILVER,Apple (1166840),1015708842,2021-11-17T03:59:43Z,,Kandji,2023-10-30T08:56:03Z
H2WH3492Q6NY,H2WH3492Q6NY,Mac,Mac mini,Z12N,256GB,SILVER,Apple (1166840),1016180491,2022-01-19T03:31:53Z,,Kandji,2023-10-30T08:56:03Z
H2WH60AMQ6NY,H2WH60AMQ6NY,Mac,Mac mini,Z12N,256GB,SILVER,Apple (1166840),1016265213,2022-02-07T03:32:26Z,,Meraki,2022-02-07T03:32:26Z
HJXHX373TK,HJXHX373TK,Mac,"MacBook Pro 13""",Z16R,256GB,SPACE GRAY,Apple (1166840),1018285570,2022-12-23T03:22:37Z,,Kandji,2023-10-30T08:56:03Z
JFMVPPV22M,JFMVPPV22M,Mac,MacBook Air,MLXW3LL/A,256GB,SPACE GRAY,Apple (1166840),1017503747,2022-09-06T21:12:21Z,,Kandji,2023-10-30T08:56:03Z
LCWWG3J7L9,LCWWG3J7L9,Mac,MacBook Air,Z160,256GB,MIDNIGHT,Apple (1166840),1017779464,2022-10-05T05:34:42Z,,Kandji,2023-10-30T08:56:03Z
NMHPX747LP,NMHPX747LP,Mac,"MacBook Pro 13""",Z16R,256GB,SPACE GRAY,Apple (1166840),1018519759,2023-02-10T03:24:53Z,,Kandji,2023-10-30T08:56:03Z
R179JK7FC7,R179JK7FC7,Mac,MacBook Air,MLY33LL/A,256GB,MIDNIGHT,Apple (1166840),AAA1325580,2024-01-05T14:29:51Z,,Kandji,2024-01-09T14:59:03Z
W432RWD9C4,W432RWD9C4,Mac,MacBook Air,Z160,256GB,MIDNIGHT,Apple (1166840),1017779464,2022-10-04T09:16:41Z,,Kandji,2023-10-30T08:56:03Z
XGHDWFK3XC,XGHDWFK3XC,Mac,"MacBook Pro 14""",Z15G,1TB,SPACE GRAY,Apple (1166840),1015896403,2021-12-17T03:46:31Z,,Kandji,2023-10-30T08:56:03Z
CR9RHXYTXP,CR9RHXYTXP,Mac,"MacBook Pro 14""",MKGP3LL/A,512GB,SPACE GRAY,Apple (1445525),1015844825,2022-05-02T14:09:17Z,,Kandji,2022-10-11T09:54:34Z
DKLQP024R0,DKLQP024R0,Mac,"MacBook Pro (14-inch, 2023)",MPHE3LL/A,512GB,SPACE GRAY,Apple (1445525),AAA0034840,2023-05-10T12:16:17Z,,Kandji,2023-05-10T12:16:17Z
FVFGT1YWQ6LR,FVFGT1YWQ6LR,Mac,MacBook Air,Z124,512GB,SPACE GRAY,Apple (1445525),1015844825,2022-05-02T14:09:17Z,,Kandji,2022-10-11T09:54:34Z
FVFGX0VMQ6LR,FVFGX0VMQ6LR,Mac,MacBook Air,Z124,512GB,SPACE GRAY,Apple (1445525),1016033324,2022-05-02T14:09:18Z,,Kandji,2022-10-11T09:54:34Z
FVFGX1HWQ6LR,FVFGX1HWQ6LR,Mac,MacBook Air,Z124,512GB,SPACE GRAY,Apple (1445525),1016033324,2022-05-02T14:09:15Z,,Kandji,2022-10-11T09:54:34Z
JWLXC0WCDQ,JWLXC0WCDQ,Mac,"MacBook Pro (14-inch, 2023)",MPHE3LL/A,512GB,SPACE GRAY,Apple (1445525),1018771140,2023-03-21T23:10:59Z,,Kandji,2023-03-21T23:10:59Z
LR67973X2W,LR67973X2W,Mac,"MacBook Pro (14-inch, 2023)",MPHE3LL/A,512GB,SPACE GRAY,Apple (1445525),1018918569,2023-04-19T17:00:26Z,,Kandji,2023-04-19T17:00:26Z
M146VJQDFJ,M146VJQDFJ,Mac,"MacBook Pro (14-inch, Nov 2023)",Z1C8,512GB,SPACE GRAY,Apple (1445525),AAA1185584,2023-12-11T04:24:28Z,,Kandji,2023-12-11T04:24:28Z
T4J2LJQ0D4,T4J2LJQ0D4,Mac,"MacBook Pro (14-inch, 2023)",MPHE3LL/A,512GB,SPACE GRAY,Apple (1445525),1018734119,2023-03-15T11:10:13Z,,Kandji,2023-03-15T11:10:13Z
TXYNWV59V4,TXYNWV59V4,Mac,"MacBook Pro 13""",Z16R,1TB,SPACE GRAY,Apple (1445525),1017619535,2022-09-15T05:36:42Z,,Kandji,2022-10-11T09:54:34Z